mpn,lcsc,package,manufacturer,source,checked_at
CC0402JRNPO9BN101,C106200,0402,YAGEO,jlcparts SQLite,2026-09-05T12:47:21.085180+00:00
CC0402JRX7R8BB102,C541442,0402,YAGEO,jlcparts SQLite,2026-09-05T12:47:21.094180+00:00
CC0402JRX7R8BB103,C541443,0402,YAGEO,jlcparts SQLite,2026-09-05T12:47:21.090180+00:00
CC0402JRX7R8BB104,C541465,0402,YAGEO,jlcparts SQLite,2026-09-05T12:47:21.081180+00:00
CC0402KRX7R8BB224,C723566,0402,YAGEO,jlcparts SQLite,2026-09-05T12:47:21.100180+00:00
CC0402KRX7R8BB332,C272874,0402,YAGEO,jlcparts SQLite,2026-09-05T12:47:21.109180+00:00
CC0402KRX7R8BB473,C107020,0402,YAGEO,jlcparts SQLite,2026-09-05T12:47:21.114181+00:00
CC0402MRX5R5BB225,C106860,0402,YAGEO,jlcparts SQLite,2026-09-05T12:47:21.105182+00:00
CC0402MRX5R5BB475,C106859,0402,YAGEO,jlcparts SQLite,2026-09-05T12:47:21.118180+00:00
CC0603JRNPO9BN101,C14665,0603,YAGEO,jlcparts SQLite,2026-09-05T12:46:35.028034+00:00
CC0603JRNPO9BN102,C106246,0603,YAGEO,jlcparts SQLite,2026-09-05T12:46:35.053149+00:00
CC0603JRNPO9BN103,C389113,0603,YAGEO,jlcparts SQLite,2026-09-05T12:46:35.064150+00:00
CC0603JRNPO9BN151,C107038,0603,YAGEO,jlcparts SQLite,2026-09-05T12:46:35.032034+00:00
CC0603JRNPO9BN152,C107039,0603,YAGEO,jlcparts SQLite,2026-09-05T12:46:35.055149+00:00
CC0603JRNPO9BN221,C106210,0603,YAGEO,jlcparts SQLite,2026-09-05T12:46:35.044156+00:00
CC0603JRNPO9BN222,C107043,0603,YAGEO,jlcparts SQLite,2026-09-05T12:46:35.057150+00:00
CC0603JRNPO9BN331,C62784,0603,YAGEO,jlcparts SQLite,2026-09-05T12:46:35.046156+00:00
CC0603JRNPO9BN332,C107048,0603,YAGEO,jlcparts SQLite,2026-09-05T12:46:35.059149+00:00
CC0603JRNPO9BN471,C106211,0603,YAGEO,jlcparts SQLite,2026-09-05T12:46:35.049156+00:00
CC0603JRNPO9BN681,C107055,0603,YAGEO,jlcparts SQLite,2026-09-05T12:46:35.051151+00:00
CC0603JRNPO9BN682,C513559,0603,YAGEO,jlcparts SQLite,2026-09-05T12:46:35.062149+00:00
CC0603JRX7R8BB334,C519579,0603,YAGEO,jlcparts SQLite,2026-09-05T12:46:35.075149+00:00
CC0603KRX5R8BB225,C309478,0603,YAGEO,jlcparts SQLite,2026-09-05T12:46:35.082150+00:00
CC0603KRX5R8BB475,C326580,0603,YAGEO,jlcparts SQLite,2026-09-05T12:49:23.341188+00:00
CC0603KRX5R8BB684,C327005,0603,YAGEO,jlcparts SQLite,2026-09-05T12:46:35.078150+00:00
CC0603KRX5R9BB225,C326557,0603,YAGEO,jlcparts SQLite,2026-09-05T12:49:23.326188+00:00
CC0603KRX7R9BB101,C160903,0603,YAGEO,jlcparts SQLite,2026-09-05T12:47:21.124187+00:00
CC0603KRX7R9BB102,C100040,0603,YAGEO,jlcparts SQLite,2026-09-05T12:47:21.133180+00:00
CC0603KRX7R9BB103,C100042,0603,YAGEO,jlcparts SQLite,2026-09-05T12:47:21.129180+00:00
CC0603KRX7R9BB105,C559769,0603,YAGEO,jlcparts SQLite,2026-09-05T12:47:21.137180+00:00
CC0603KRX7R9BB224,C107083,0603,YAGEO,jlcparts SQLite,2026-09-05T12:49:23.320196+00:00
CC0603KRX7R9BB473,C107093,0603,YAGEO,jlcparts SQLite,2026-09-05T12:49:23.336188+00:00
CC0603KRX7R9BB474,C513577,0603,YAGEO,jlcparts SQLite,2026-09-05T12:49:23.331196+00:00
CC0805KRX7R9BB473,C107154,0805,YAGEO,jlcparts SQLite,2026-09-05T12:47:21.142187+00:00
CC1206KRX7R9BB104,C82601,1206,YAGEO,jlcparts SQLite,2026-09-05T12:49:23.351188+00:00
RC0402FR-070RL,C106231,0402,YAGEO,jlcparts SQLite,2026-09-05T12:46:35.084149+00:00
RC0402FR-07100KL,C60491,0402,YAGEO,jlcparts SQLite,2026-09-05T12:46:35.095150+00:00
RC0402FR-07105KL,C171671,0402,YAGEO,jlcparts SQLite,2026-09-05T12:46:35.112150+00:00
RC0402FR-07105RL,C171696,0402,YAGEO,jlcparts SQLite,2026-09-05T12:46:35.106149+00:00
RC0402FR-0710K5L,C171695,0402,YAGEO,jlcparts SQLite,2026-09-05T12:46:35.110149+00:00
RC0402FR-0710KL,C60490,0402,YAGEO,jlcparts SQLite,2026-09-05T12:46:35.093149+00:00
RC0402FR-0710ML,C138067,0402,YAGEO,jlcparts SQLite,2026-09-05T12:46:35.099150+00:00
RC0402FR-0710R5L,C477603,0402,YAGEO,jlcparts SQLite,2026-09-05T12:46:35.103150+00:00
RC0402FR-0710RL,C138066,0402,YAGEO,jlcparts SQLite,2026-09-05T12:46:35.088150+00:00
RC0402FR-07110KL,C138065,0402,YAGEO,jlcparts SQLite,2026-09-05T12:46:35.128149+00:00
RC0402FR-07110RL,C138064,0402,YAGEO,jlcparts SQLite,2026-09-05T12:46:35.122149+00:00
RC0402FR-07115KL,C273341,0402,YAGEO,jlcparts SQLite,2026-09-05T12:46:35.144149+00:00
RC0402FR-07115RL,C295872,0402,YAGEO,jlcparts SQLite,2026-09-05T12:46:35.137150+00:00
RC0402FR-0711K5L,C295874,0402,YAGEO,jlcparts SQLite,2026-09-05T12:46:35.142150+00:00
RC0402FR-0711KL,C138063,0402,YAGEO,jlcparts SQLite,2026-09-05T12:46:35.126149+00:00
RC0402FR-0711R5L,C273702,0402,YAGEO,jlcparts SQLite,2026-09-05T12:46:35.135150+00:00
RC0402FR-0711RL,C295875,0402,YAGEO,jlcparts SQLite,2026-09-05T12:46:35.119150+00:00
RC0402FR-07120RL,C114758,0402,YAGEO,jlcparts SQLite,2026-09-05T12:47:21.146180+00:00
RC0402FR-07121KL,C112303,0402,YAGEO,jlcparts SQLite,2026-09-05T12:46:35.160150+00:00
RC0402FR-07121RL,C194878,0402,YAGEO,jlcparts SQLite,2026-09-05T12:46:35.153150+00:00
RC0402FR-07127KL,C138061,0402,YAGEO,jlcparts SQLite,2026-09-05T12:46:35.176150+00:00
RC0402FR-07127RL,C276259,0402,YAGEO,jlcparts SQLite,2026-09-05T12:46:35.169149+00:00
RC0402FR-0712K1L,C132157,0402,YAGEO,jlcparts SQLite,2026-09-05T12:46:35.158150+00:00
RC0402FR-0712K7L,C138059,0402,YAGEO,jlcparts SQLite,2026-09-05T12:46:35.174149+00:00
RC0402FR-0712R1L,C477606,0402,YAGEO,jlcparts SQLite,2026-09-05T12:46:35.151150+00:00
RC0402FR-0712R7L,C245884,0402,YAGEO,jlcparts SQLite,2026-09-05T12:46:35.167149+00:00
RC0402FR-07133KL,C327374,0402,YAGEO,jlcparts SQLite,2026-09-05T12:46:35.192149+00:00
RC0402FR-07133RL,C327373,0402,YAGEO,jlcparts SQLite,2026-09-05T12:46:35.185150+00:00
RC0402FR-0713K3L,C274352,0402,YAGEO,jlcparts SQLite,2026-09-05T12:46:35.190149+00:00
RC0402FR-0713R3L,C477608,0402,YAGEO,jlcparts SQLite,2026-09-05T12:46:35.183150+00:00
RC0402FR-07140KL,C114151,0402,YAGEO,jlcparts SQLite,2026-09-05T12:46:35.209150+00:00
RC0402FR-07140RL,C138056,0402,YAGEO,jlcparts SQLite,2026-09-05T12:46:35.202150+00:00
RC0402FR-07147KL,C163489,0402,YAGEO,jlcparts SQLite,2026-09-05T12:46:35.226149+00:00
RC0402FR-07147RL,C245885,0402,YAGEO,jlcparts SQLite,2026-09-05T12:46:35.219149+00:00
RC0402FR-0714K7L,C138055,0402,YAGEO,jlcparts SQLite,2026-09-05T12:46:35.223150+00:00
RC0402FR-0714KL,C327372,0402,YAGEO,jlcparts SQLite,2026-09-05T12:46:35.207149+00:00
RC0402FR-0714R7L,C477612,0402,YAGEO,jlcparts SQLite,2026-09-05T12:46:35.216150+00:00
RC0402FR-0714RL,C477614,0402,YAGEO,jlcparts SQLite,2026-09-05T12:46:35.199150+00:00
RC0402FR-07154KL,C138053,0402,YAGEO,jlcparts SQLite,2026-09-05T12:46:35.243149+00:00
RC0402FR-07154RL,C477616,0402,YAGEO,jlcparts SQLite,2026-09-05T12:46:35.236150+00:00
RC0402FR-0715K4L,C185463,0402,YAGEO,jlcparts SQLite,2026-09-05T12:46:35.240149+00:00
RC0402FR-0715R4L,C273689,0402,YAGEO,jlcparts SQLite,2026-09-05T12:46:35.233149+00:00
RC0402FR-07162KL,C185462,0402,YAGEO,jlcparts SQLite,2026-09-05T12:46:35.260150+00:00
RC0402FR-07162RL,C185461,0402,YAGEO,jlcparts SQLite,2026-09-05T12:46:35.252149+00:00
RC0402FR-07169KL,C327367,0402,YAGEO,jlcparts SQLite,2026-09-05T12:46:35.277149+00:00
RC0402FR-07169RL,C138051,0402,YAGEO,jlcparts SQLite,2026-09-05T12:46:35.270150+00:00
RC0402FR-0716K2L,C138050,0402,YAGEO,jlcparts SQLite,2026-09-05T12:46:35.257149+00:00
RC0402FR-0716K9L,C163488,0402,YAGEO,jlcparts SQLite,2026-09-05T12:46:35.274150+00:00
RC0402FR-0716R2L,C477619,0402,YAGEO,jlcparts SQLite,2026-09-05T12:46:35.250149+00:00
RC0402FR-0716R9L,C273694,0402,YAGEO,jlcparts SQLite,2026-09-05T12:46:35.267150+00:00
RC0402FR-07178KL,C185459,0402,YAGEO,jlcparts SQLite,2026-09-05T12:46:35.294149+00:00
RC0402FR-07178RL,C477625,0402,YAGEO,jlcparts SQLite,2026-09-05T12:46:35.287149+00:00
RC0402FR-0717K8L,C185458,0402,YAGEO,jlcparts SQLite,2026-09-05T12:46:35.292149+00:00
RC0402FR-0717R8L,C245886,0402,YAGEO,jlcparts SQLite,2026-09-05T12:46:35.284149+00:00
RC0402FR-07187KL,C163486,0402,YAGEO,jlcparts SQLite,2026-09-05T12:46:35.312149+00:00
RC0402FR-07187RL,C274350,0402,YAGEO,jlcparts SQLite,2026-09-05T12:46:35.304149+00:00
RC0402FR-0718K7L,C295877,0402,YAGEO,jlcparts SQLite,2026-09-05T12:46:35.310149+00:00
RC0402FR-0718KL,C138044,0402,YAGEO,jlcparts SQLite,2026-09-05T12:47:21.151180+00:00
RC0402FR-0718R7L,C477626,0402,YAGEO,jlcparts SQLite,2026-09-05T12:46:35.302149+00:00
RC0402FR-07196KL,C477631,0402,YAGEO,jlcparts SQLite,2026-09-05T12:46:35.330149+00:00
RC0402FR-07196RL,C477632,0402,YAGEO,jlcparts SQLite,2026-09-05T12:46:35.322149+00:00
RC0402FR-0719K6L,C477629,0402,YAGEO,jlcparts SQLite,2026-09-05T12:46:35.328150+00:00
RC0402FR-0719R6L,C477630,0402,YAGEO,jlcparts SQLite,2026-09-05T12:46:35.320149+00:00
RC0402FR-071K15L,C477191,0402,YAGEO,jlcparts SQLite,2026-09-05T12:46:35.140149+00:00
RC0402FR-071K1L,C138041,0402,YAGEO,jlcparts SQLite,2026-09-05T12:46:35.124149+00:00
RC0402FR-071K21L,C163484,0402,YAGEO,jlcparts SQLite,2026-09-05T12:46:35.156149+00:00
RC0402FR-071K27L,C327364,0402,YAGEO,jlcparts SQLite,2026-09-05T12:46:35.171150+00:00
RC0402FR-071K33L,C276261,0402,YAGEO,jlcparts SQLite,2026-09-05T12:46:35.188150+00:00
RC0402FR-071K47L,C185454,0402,YAGEO,jlcparts SQLite,2026-09-05T12:46:35.221150+00:00
RC0402FR-071K4L,C375491,0402,YAGEO,jlcparts SQLite,2026-09-05T12:46:35.204150+00:00
RC0402FR-071K54L,C138039,0402,YAGEO,jlcparts SQLite,2026-09-05T12:46:35.238150+00:00
RC0402FR-071K5L,C114759,0402,YAGEO,jlcparts SQLite,2026-09-05T12:46:35.108150+00:00
RC0402FR-071K62L,C138038,0402,YAGEO,jlcparts SQLite,2026-09-05T12:46:35.255149+00:00
RC0402FR-071K69L,C185452,0402,YAGEO,jlcparts SQLite,2026-09-05T12:46:35.272149+00:00
RC0402FR-071K78L,C185450,0402,YAGEO,jlcparts SQLite,2026-09-05T12:46:35.289149+00:00
RC0402FR-071K87L,C138037,0402,YAGEO,jlcparts SQLite,2026-09-05T12:46:35.307149+00:00
RC0402FR-071K96L,C138036,0402,YAGEO,jlcparts SQLite,2026-09-05T12:46:35.325149+00:00
RC0402FR-071M15L,C477192,0402,YAGEO,jlcparts SQLite,2026-09-05T12:46:35.146149+00:00
RC0402FR-071M1L,C185448,0402,YAGEO,jlcparts SQLite,2026-09-05T12:46:35.130150+00:00
RC0402FR-071M21L,C477196,0402,YAGEO,jlcparts SQLite,2026-09-05T12:46:35.162149+00:00
RC0402FR-071M27L,C477200,0402,YAGEO,jlcparts SQLite,2026-09-05T12:46:35.178150+00:00
RC0402FR-071M33L,C477202,0402,YAGEO,jlcparts SQLite,2026-09-05T12:46:35.195149+00:00
RC0402FR-071M47L,C477211,0402,YAGEO,jlcparts SQLite,2026-09-05T12:46:35.228149+00:00
RC0402FR-071M4L,C477213,0402,YAGEO,jlcparts SQLite,2026-09-05T12:46:35.211150+00:00
RC0402FR-071M54L,C477215,0402,YAGEO,jlcparts SQLite,2026-09-05T12:46:35.245149+00:00
RC0402FR-071M5L,C138034,0402,YAGEO,jlcparts SQLite,2026-09-05T12:46:35.115149+00:00
RC0402FR-071M62L,C477219,0402,YAGEO,jlcparts SQLite,2026-09-05T12:46:35.262149+00:00
RC0402FR-071M69L,C327244,0402,YAGEO,jlcparts SQLite,2026-09-05T12:46:35.279150+00:00
RC0402FR-071M78L,C477227,0402,YAGEO,jlcparts SQLite,2026-09-05T12:46:35.297150+00:00
RC0402FR-071M87L,C477596,0402,YAGEO,jlcparts SQLite,2026-09-05T12:46:35.315149+00:00
RC0402FR-071M96L,C477601,0402,YAGEO,jlcparts SQLite,2026-09-05T12:46:35.333149+00:00
RC0402FR-071ML,C138033,0402,YAGEO,jlcparts SQLite,2026-09-05T12:46:35.097149+00:00
RC0402FR-071R15L,C477193,0402,YAGEO,jlcparts SQLite,2026-09-05T12:46:35.133149+00:00
RC0402FR-071R1L,C327254,0402,YAGEO,jlcparts SQLite,2026-09-05T12:46:35.117150+00:00
RC0402FR-071R21L,C477197,0402,YAGEO,jlcparts SQLite,2026-09-05T12:46:35.148150+00:00
RC0402FR-071R27L,C477201,0402,YAGEO,jlcparts SQLite,2026-09-05T12:46:35.165149+00:00
RC0402FR-071R33L,C477203,0402,YAGEO,jlcparts SQLite,2026-09-05T12:46:35.181149+00:00
RC0402FR-071R47L,C477212,0402,YAGEO,jlcparts SQLite,2026-09-05T12:46:35.214149+00:00
RC0402FR-071R4L,C477214,0402,YAGEO,jlcparts SQLite,2026-09-05T12:46:35.197149+00:00
RC0402FR-071R54L,C477216,0402,YAGEO,jlcparts SQLite,2026-09-05T12:46:35.231150+00:00
RC0402FR-071R5L,C327253,0402,YAGEO,jlcparts SQLite,2026-09-05T12:46:35.101149+00:00
RC0402FR-071R62L,C477220,0402,YAGEO,jlcparts SQLite,2026-09-05T12:46:35.248150+00:00
RC0402FR-071R69L,C477223,0402,YAGEO,jlcparts SQLite,2026-09-05T12:46:35.265149+00:00
RC0402FR-071R78L,C477228,0402,YAGEO,jlcparts SQLite,2026-09-05T12:46:35.282149+00:00
RC0402FR-071R87L,C477597,0402,YAGEO,jlcparts SQLite,2026-09-05T12:46:35.299149+00:00
RC0402FR-071R96L,C477602,0402,YAGEO,jlcparts SQLite,2026-09-05T12:46:35.317149+00:00
RC0402FR-071RL,C185446,0402,YAGEO,jlcparts SQLite,2026-09-05T12:46:35.086149+00:00
RC0402FR-07205KL,C477669,0402,YAGEO,jlcparts SQLite,2026-09-05T12:46:35.345150+00:00
RC0402FR-07205RL,C477670,0402,YAGEO,jlcparts SQLite,2026-09-05T12:46:35.339150+00:00
RC0402FR-0720K5L,C185445,0402,YAGEO,jlcparts SQLite,2026-09-05T12:46:35.343149+00:00
RC0402FR-0720R5L,C245888,0402,YAGEO,jlcparts SQLite,2026-09-05T12:46:35.336150+00:00
RC0402FR-07215KL,C185443,0402,YAGEO,jlcparts SQLite,2026-09-05T12:46:35.362149+00:00
RC0402FR-07215RL,C477673,0402,YAGEO,jlcparts SQLite,2026-09-05T12:46:35.354149+00:00
RC0402FR-0721K5L,C185442,0402,YAGEO,jlcparts SQLite,2026-09-05T12:46:35.360149+00:00
RC0402FR-0721R5L,C477672,0402,YAGEO,jlcparts SQLite,2026-09-05T12:46:35.352149+00:00
RC0402FR-07220RL,C112291,0402,YAGEO,jlcparts SQLite,2026-09-05T12:47:21.155187+00:00
RC0402FR-07226KL,C273712,0402,YAGEO,jlcparts SQLite,2026-09-05T12:46:35.381149+00:00
RC0402FR-07226RL,C82852,0402,YAGEO,jlcparts SQLite,2026-09-05T12:46:35.373149+00:00
RC0402FR-0722K6L,C477674,0402,YAGEO,jlcparts SQLite,2026-09-05T12:46:35.378149+00:00
RC0402FR-0722R6L,C272377,0402,YAGEO,jlcparts SQLite,2026-09-05T12:46:35.370149+00:00
RC0402FR-0722RL,C114765,0402,YAGEO,jlcparts SQLite,2026-09-05T12:47:21.160189+00:00
RC0402FR-07237KL,C273703,0402,YAGEO,jlcparts SQLite,2026-09-05T12:46:35.398149+00:00
RC0402FR-07237RL,C477678,0402,YAGEO,jlcparts SQLite,2026-09-05T12:46:35.391149+00:00
RC0402FR-0723K7L,C327362,0402,YAGEO,jlcparts SQLite,2026-09-05T12:46:35.395150+00:00
RC0402FR-0723R7L,C477677,0402,YAGEO,jlcparts SQLite,2026-09-05T12:46:35.388150+00:00
RC0402FR-07249KL,C163476,0402,YAGEO,jlcparts SQLite,2026-09-05T12:46:35.416149+00:00
RC0402FR-07249RL,C185439,0402,YAGEO,jlcparts SQLite,2026-09-05T12:46:35.408149+00:00
RC0402FR-0724K9L,C138027,0402,YAGEO,jlcparts SQLite,2026-09-05T12:46:35.414149+00:00
RC0402FR-0724R9L,C138025,0402,YAGEO,jlcparts SQLite,2026-09-05T12:46:35.406150+00:00
RC0402FR-07261KL,C185437,0402,YAGEO,jlcparts SQLite,2026-09-05T12:46:35.435149+00:00
RC0402FR-07261RL,C273335,0402,YAGEO,jlcparts SQLite,2026-09-05T12:46:35.427149+00:00
RC0402FR-0726K1L,C155697,0402,YAGEO,jlcparts SQLite,2026-09-05T12:46:35.432149+00:00
RC0402FR-0726R1L,C185436,0402,YAGEO,jlcparts SQLite,2026-09-05T12:46:35.424150+00:00
RC0402FR-07274KL,C185435,0402,YAGEO,jlcparts SQLite,2026-09-05T12:46:35.454149+00:00
RC0402FR-07274RL,C327359,0402,YAGEO,jlcparts SQLite,2026-09-05T12:46:35.446149+00:00
RC0402FR-0727K4L,C273730,0402,YAGEO,jlcparts SQLite,2026-09-05T12:46:35.451149+00:00
RC0402FR-0727R4L,C274349,0402,YAGEO,jlcparts SQLite,2026-09-05T12:46:35.443149+00:00
RC0402FR-07287KL,C327358,0402,YAGEO,jlcparts SQLite,2026-09-05T12:46:35.473149+00:00
RC0402FR-07287RL,C375493,0402,YAGEO,jlcparts SQLite,2026-09-05T12:46:35.465149+00:00
RC0402FR-0728K7L,C185433,0402,YAGEO,jlcparts SQLite,2026-09-05T12:46:35.471150+00:00
RC0402FR-0728R7L,C477680,0402,YAGEO,jlcparts SQLite,2026-09-05T12:46:35.462149+00:00
RC0402FR-072K15L,C327353,0402,YAGEO,jlcparts SQLite,2026-09-05T12:46:35.357150+00:00
RC0402FR-072K26L,C477641,0402,YAGEO,jlcparts SQLite,2026-09-05T12:46:35.375150+00:00
RC0402FR-072K49L,C145071,0402,YAGEO,jlcparts SQLite,2026-09-05T12:46:35.411149+00:00
RC0402FR-072K61L,C163472,0402,YAGEO,jlcparts SQLite,2026-09-05T12:46:35.430149+00:00
RC0402FR-072K74L,C185430,0402,YAGEO,jlcparts SQLite,2026-09-05T12:46:35.449149+00:00
RC0402FR-072K87L,C185429,0402,YAGEO,jlcparts SQLite,2026-09-05T12:46:35.468149+00:00
RC0402FR-072M15L,C477635,0402,YAGEO,jlcparts SQLite,2026-09-05T12:46:35.365149+00:00
RC0402FR-072M26L,C477642,0402,YAGEO,jlcparts SQLite,2026-09-05T12:46:35.383149+00:00
RC0402FR-072M37L,C477647,0402,YAGEO,jlcparts SQLite,2026-09-05T12:46:35.400150+00:00
RC0402FR-072M49L,C470021,0402,YAGEO,jlcparts SQLite,2026-09-05T12:46:35.419149+00:00
RC0402FR-072M61L,C477656,0402,YAGEO,jlcparts SQLite,2026-09-05T12:46:35.438149+00:00
RC0402FR-072M74L,C470022,0402,YAGEO,jlcparts SQLite,2026-09-05T12:46:35.457149+00:00
RC0402FR-072M87L,C477663,0402,YAGEO,jlcparts SQLite,2026-09-05T12:46:35.476150+00:00
RC0402FR-072R15L,C477636,0402,YAGEO,jlcparts SQLite,2026-09-05T12:46:35.349149+00:00
RC0402FR-072R26L,C477643,0402,YAGEO,jlcparts SQLite,2026-09-05T12:46:35.367149+00:00
RC0402FR-072R37L,C477648,0402,YAGEO,jlcparts SQLite,2026-09-05T12:46:35.386149+00:00
RC0402FR-072R49L,C138012,0402,YAGEO,jlcparts SQLite,2026-09-05T12:46:35.403149+00:00
RC0402FR-072R61L,C477657,0402,YAGEO,jlcparts SQLite,2026-09-05T12:46:35.422150+00:00
RC0402FR-072R74L,C477661,0402,YAGEO,jlcparts SQLite,2026-09-05T12:46:35.441150+00:00
RC0402FR-072R87L,C477664,0402,YAGEO,jlcparts SQLite,2026-09-05T12:46:35.460150+00:00
RC0402FR-07301KL,C171693,0402,YAGEO,jlcparts SQLite,2026-09-05T12:46:35.490149+00:00
RC0402FR-07301RL,C477711,0402,YAGEO,jlcparts SQLite,2026-09-05T12:46:35.483149+00:00
RC0402FR-0730K1L,C138009,0402,YAGEO,jlcparts SQLite,2026-09-05T12:46:35.488150+00:00
RC0402FR-0730R1L,C273706,0402,YAGEO,jlcparts SQLite,2026-09-05T12:46:35.480150+00:00
RC0402FR-07316KL,C185427,0402,YAGEO,jlcparts SQLite,2026-09-05T12:46:35.509149+00:00
RC0402FR-07316RL,C273715,0402,YAGEO,jlcparts SQLite,2026-09-05T12:46:35.500150+00:00
RC0402FR-0731K6L,C276265,0402,YAGEO,jlcparts SQLite,2026-09-05T12:46:35.506149+00:00
RC0402FR-0731R6L,C327352,0402,YAGEO,jlcparts SQLite,2026-09-05T12:46:35.497150+00:00
RC0402FR-07330KL,C138006,0402,YAGEO,jlcparts SQLite,2026-09-05T12:47:21.164180+00:00
RC0402FR-07332KL,C138005,0402,YAGEO,jlcparts SQLite,2026-09-05T12:46:35.529150+00:00
RC0402FR-07332RL,C138004,0402,YAGEO,jlcparts SQLite,2026-09-05T12:46:35.520149+00:00
RC0402FR-0733K2L,C130276,0402,YAGEO,jlcparts SQLite,2026-09-05T12:46:35.526149+00:00
RC0402FR-0733R2L,C276266,0402,YAGEO,jlcparts SQLite,2026-09-05T12:46:35.517149+00:00
RC0402FR-07348KL,C273713,0402,YAGEO,jlcparts SQLite,2026-09-05T12:46:35.549150+00:00
RC0402FR-07348RL,C477714,0402,YAGEO,jlcparts SQLite,2026-09-05T12:46:35.540149+00:00
RC0402FR-0734K8L,C327350,0402,YAGEO,jlcparts SQLite,2026-09-05T12:46:35.546150+00:00
RC0402FR-0734R8L,C138001,0402,YAGEO,jlcparts SQLite,2026-09-05T12:46:35.537149+00:00
RC0402FR-07365KL,C276268,0402,YAGEO,jlcparts SQLite,2026-09-05T12:46:35.569150+00:00
RC0402FR-07365RL,C327348,0402,YAGEO,jlcparts SQLite,2026-09-05T12:46:35.560149+00:00
RC0402FR-0736K5L,C15011,0402,YAGEO,jlcparts SQLite,2026-09-05T12:46:35.566150+00:00
RC0402FR-0736R5L,C477716,0402,YAGEO,jlcparts SQLite,2026-09-05T12:46:35.558149+00:00
RC0402FR-07383KL,C163468,0402,YAGEO,jlcparts SQLite,2026-09-05T12:46:35.589149+00:00
RC0402FR-07383RL,C276269,0402,YAGEO,jlcparts SQLite,2026-09-05T12:46:35.581150+00:00
RC0402FR-0738K3L,C273719,0402,YAGEO,jlcparts SQLite,2026-09-05T12:46:35.586149+00:00
RC0402FR-0738R3L,C137998,0402,YAGEO,jlcparts SQLite,2026-09-05T12:46:35.578149+00:00
RC0402FR-073K16L,C163466,0402,YAGEO,jlcparts SQLite,2026-09-05T12:46:35.503150+00:00
RC0402FR-073K32L,C137993,0402,YAGEO,jlcparts SQLite,2026-09-05T12:46:35.523149+00:00
RC0402FR-073K48L,C185418,0402,YAGEO,jlcparts SQLite,2026-09-05T12:46:35.543150+00:00
RC0402FR-073K65L,C163465,0402,YAGEO,jlcparts SQLite,2026-09-05T12:46:35.563149+00:00
RC0402FR-073K83L,C185417,0402,YAGEO,jlcparts SQLite,2026-09-05T12:46:35.583149+00:00
RC0402FR-073M16L,C477687,0402,YAGEO,jlcparts SQLite,2026-09-05T12:46:35.512149+00:00
RC0402FR-073M32L,C477691,0402,YAGEO,jlcparts SQLite,2026-09-05T12:46:35.532149+00:00
RC0402FR-073M48L,C477694,0402,YAGEO,jlcparts SQLite,2026-09-05T12:46:35.552149+00:00
RC0402FR-073M65L,C477700,0402,YAGEO,jlcparts SQLite,2026-09-05T12:46:35.572149+00:00
RC0402FR-073M83L,C477707,0402,YAGEO,jlcparts SQLite,2026-09-05T12:46:35.592149+00:00
RC0402FR-073R16L,C477688,0402,YAGEO,jlcparts SQLite,2026-09-05T12:46:35.495149+00:00
RC0402FR-073R32L,C477692,0402,YAGEO,jlcparts SQLite,2026-09-05T12:46:35.515150+00:00
RC0402FR-073R48L,C477695,0402,YAGEO,jlcparts SQLite,2026-09-05T12:46:35.535149+00:00
RC0402FR-073R65L,C477701,0402,YAGEO,jlcparts SQLite,2026-09-05T12:46:35.555149+00:00
RC0402FR-073R83L,C477708,0402,YAGEO,jlcparts SQLite,2026-09-05T12:46:35.575149+00:00
RC0402FR-07402KL,C327345,0402,YAGEO,jlcparts SQLite,2026-09-05T12:46:35.607149+00:00
RC0402FR-07402RL,C137984,0402,YAGEO,jlcparts SQLite,2026-09-05T12:46:35.600149+00:00
RC0402FR-0740K2L,C137983,0402,YAGEO,jlcparts SQLite,2026-09-05T12:46:35.604150+00:00
RC0402FR-0740R2L,C274892,0402,YAGEO,jlcparts SQLite,2026-09-05T12:46:35.597149+00:00
RC0402FR-07422KL,C477738,0402,YAGEO,jlcparts SQLite,2026-09-05T12:46:35.627149+00:00
RC0402FR-07422RL,C272376,0402,YAGEO,jlcparts SQLite,2026-09-05T12:46:35.618150+00:00
RC0402FR-0742K2L,C276270,0402,YAGEO,jlcparts SQLite,2026-09-05T12:46:35.624150+00:00
RC0402FR-0742R2L,C477737,0402,YAGEO,jlcparts SQLite,2026-09-05T12:46:35.615149+00:00
RC0402FR-07442KL,C273339,0402,YAGEO,jlcparts SQLite,2026-09-05T12:46:35.658229+00:00
RC0402FR-07442RL,C185414,0402,YAGEO,jlcparts SQLite,2026-09-05T12:46:35.639149+00:00
RC0402FR-0744K2L,C354260,0402,YAGEO,jlcparts SQLite,2026-09-05T12:46:35.645149+00:00
RC0402FR-0744R2L,C185413,0402,YAGEO,jlcparts SQLite,2026-09-05T12:46:35.636150+00:00
RC0402FR-07464KL,C477740,0402,YAGEO,jlcparts SQLite,2026-09-05T12:46:35.678228+00:00
RC0402FR-07464RL,C477741,0402,YAGEO,jlcparts SQLite,2026-09-05T12:46:35.670228+00:00
RC0402FR-0746K4L,C185412,0402,YAGEO,jlcparts SQLite,2026-09-05T12:46:35.676228+00:00
RC0402FR-0746R4L,C273734,0402,YAGEO,jlcparts SQLite,2026-09-05T12:46:35.667228+00:00
RC0402FR-07470RL,C114877,0402,YAGEO,jlcparts SQLite,2026-09-05T12:47:21.169180+00:00
RC0402FR-0747KL,C93943,0402,YAGEO,jlcparts SQLite,2026-09-05T12:47:21.173187+00:00
RC0402FR-07487KL,C477743,0402,YAGEO,jlcparts SQLite,2026-09-05T12:46:35.700228+00:00
RC0402FR-07487RL,C327341,0402,YAGEO,jlcparts SQLite,2026-09-05T12:46:35.690228+00:00
RC0402FR-0748K7L,C137972,0402,YAGEO,jlcparts SQLite,2026-09-05T12:46:35.697228+00:00
RC0402FR-0748R7L,C185411,0402,YAGEO,jlcparts SQLite,2026-09-05T12:46:35.687228+00:00
RC0402FR-074K22L,C185410,0402,YAGEO,jlcparts SQLite,2026-09-05T12:46:35.621150+00:00
RC0402FR-074K42L,C137967,0402,YAGEO,jlcparts SQLite,2026-09-05T12:46:35.642150+00:00
RC0402FR-074K64L,C309548,0402,YAGEO,jlcparts SQLite,2026-09-05T12:46:35.673228+00:00
RC0402FR-074K87L,C276272,0402,YAGEO,jlcparts SQLite,2026-09-05T12:46:35.693228+00:00
RC0402FR-074M22L,C477721,0402,YAGEO,jlcparts SQLite,2026-09-05T12:46:35.630150+00:00
RC0402FR-074M42L,C477728,0402,YAGEO,jlcparts SQLite,2026-09-05T12:46:35.661228+00:00
RC0402FR-074M64L,C477731,0402,YAGEO,jlcparts SQLite,2026-09-05T12:46:35.681227+00:00
RC0402FR-074M87L,C477735,0402,YAGEO,jlcparts SQLite,2026-09-05T12:46:35.703228+00:00
RC0402FR-074R22L,C477722,0402,YAGEO,jlcparts SQLite,2026-09-05T12:46:35.612150+00:00
RC0402FR-074R42L,C477729,0402,YAGEO,jlcparts SQLite,2026-09-05T12:46:35.633149+00:00
RC0402FR-074R64L,C477732,0402,YAGEO,jlcparts SQLite,2026-09-05T12:46:35.664228+00:00
RC0402FR-074R87L,C477736,0402,YAGEO,jlcparts SQLite,2026-09-05T12:46:35.684228+00:00
RC0402FR-07511KL,C163461,0402,YAGEO,jlcparts SQLite,2026-09-05T12:46:35.722228+00:00
RC0402FR-07511RL,C276274,0402,YAGEO,jlcparts SQLite,2026-09-05T12:46:35.712227+00:00
RC0402FR-0751K1L,C327339,0402,YAGEO,jlcparts SQLite,2026-09-05T12:46:35.719228+00:00
RC0402FR-0751R1L,C477761,0402,YAGEO,jlcparts SQLite,2026-09-05T12:46:35.709228+00:00
RC0402FR-07536KL,C327337,0402,YAGEO,jlcparts SQLite,2026-09-05T12:46:35.743228+00:00
RC0402FR-07536RL,C273735,0402,YAGEO,jlcparts SQLite,2026-09-05T12:46:35.734228+00:00
RC0402FR-0753K6L,C273330,0402,YAGEO,jlcparts SQLite,2026-09-05T12:46:35.740228+00:00
RC0402FR-0753R6L,C273729,0402,YAGEO,jlcparts SQLite,2026-09-05T12:46:35.731227+00:00
RC0402FR-07562KL,C273337,0402,YAGEO,jlcparts SQLite,2026-09-05T12:46:35.766228+00:00
RC0402FR-07562RL,C295879,0402,YAGEO,jlcparts SQLite,2026-09-05T12:46:35.756228+00:00
RC0402FR-0756K2L,C183355,0402,YAGEO,jlcparts SQLite,2026-09-05T12:46:35.763228+00:00
RC0402FR-0756KL,C114756,0402,YAGEO,jlcparts SQLite,2026-09-05T12:47:21.178181+00:00
RC0402FR-0756R2L,C295880,0402,YAGEO,jlcparts SQLite,2026-09-05T12:46:35.752228+00:00
RC0402FR-07590KL,C477764,0402,YAGEO,jlcparts SQLite,2026-09-05T12:46:35.788228+00:00
RC0402FR-07590RL,C327335,0402,YAGEO,jlcparts SQLite,2026-09-05T12:46:35.779228+00:00
RC0402FR-0759KL,C163459,0402,YAGEO,jlcparts SQLite,2026-09-05T12:46:35.785235+00:00
RC0402FR-0759RL,C273340,0402,YAGEO,jlcparts SQLite,2026-09-05T12:46:35.776228+00:00
RC0402FR-075K11L,C274895,0402,YAGEO,jlcparts SQLite,2026-09-05T12:46:35.716228+00:00
RC0402FR-075K36L,C185407,0402,YAGEO,jlcparts SQLite,2026-09-05T12:46:35.737227+00:00
RC0402FR-075K62L,C185406,0402,YAGEO,jlcparts SQLite,2026-09-05T12:46:35.759228+00:00
RC0402FR-075K9L,C273691,0402,YAGEO,jlcparts SQLite,2026-09-05T12:46:35.782228+00:00
RC0402FR-075M11L,C477744,0402,YAGEO,jlcparts SQLite,2026-09-05T12:46:35.725228+00:00
RC0402FR-075M36L,C477749,0402,YAGEO,jlcparts SQLite,2026-09-05T12:46:35.746228+00:00
RC0402FR-075M62L,C477753,0402,YAGEO,jlcparts SQLite,2026-09-05T12:46:35.770228+00:00
RC0402FR-075M9L,C477757,0402,YAGEO,jlcparts SQLite,2026-09-05T12:46:35.791227+00:00
RC0402FR-075R11L,C477745,0402,YAGEO,jlcparts SQLite,2026-09-05T12:46:35.706227+00:00
RC0402FR-075R36L,C477750,0402,YAGEO,jlcparts SQLite,2026-09-05T12:46:35.728228+00:00
RC0402FR-075R62L,C477754,0402,YAGEO,jlcparts SQLite,2026-09-05T12:46:35.749236+00:00
RC0402FR-075R9L,C477758,0402,YAGEO,jlcparts SQLite,2026-09-05T12:46:35.773228+00:00
RC0402FR-07619KL,C327332,0402,YAGEO,jlcparts SQLite,2026-09-05T12:46:35.810228+00:00
RC0402FR-07619RL,C309549,0402,YAGEO,jlcparts SQLite,2026-09-05T12:46:35.801228+00:00
RC0402FR-0761K9L,C327331,0402,YAGEO,jlcparts SQLite,2026-09-05T12:46:35.807228+00:00
RC0402FR-0761R9L,C137953,0402,YAGEO,jlcparts SQLite,2026-09-05T12:46:35.798228+00:00
RC0402FR-07649KL,C273690,0402,YAGEO,jlcparts SQLite,2026-09-05T12:46:35.833228+00:00
RC0402FR-07649RL,C185404,0402,YAGEO,jlcparts SQLite,2026-09-05T12:46:35.823228+00:00
RC0402FR-0764K9L,C185403,0402,YAGEO,jlcparts SQLite,2026-09-05T12:46:35.830228+00:00
RC0402FR-0764R9L,C273721,0402,YAGEO,jlcparts SQLite,2026-09-05T12:46:35.820228+00:00
RC0402FR-07680RL,C137948,0402,YAGEO,jlcparts SQLite,2026-09-05T12:47:21.183180+00:00
RC0402FR-07681KL,C477782,0402,YAGEO,jlcparts SQLite,2026-09-05T12:46:35.856228+00:00
RC0402FR-07681RL,C245891,0402,YAGEO,jlcparts SQLite,2026-09-05T12:46:35.846229+00:00
RC0402FR-0768K1L,C276276,0402,YAGEO,jlcparts SQLite,2026-09-05T12:46:35.853228+00:00
RC0402FR-0768R1L,C477781,0402,YAGEO,jlcparts SQLite,2026-09-05T12:46:35.842228+00:00
RC0402FR-076K19L,C112297,0402,YAGEO,jlcparts SQLite,2026-09-05T12:46:35.804228+00:00
RC0402FR-076K49L,C364360,0402,YAGEO,jlcparts SQLite,2026-09-05T12:46:35.826228+00:00
RC0402FR-076K81L,C137945,0402,YAGEO,jlcparts SQLite,2026-09-05T12:46:35.849227+00:00
RC0402FR-076M19L,C477766,0402,YAGEO,jlcparts SQLite,2026-09-05T12:46:35.813227+00:00
RC0402FR-076M49L,C477771,0402,YAGEO,jlcparts SQLite,2026-09-05T12:46:35.836228+00:00
RC0402FR-076M81L,C477775,0402,YAGEO,jlcparts SQLite,2026-09-05T12:46:35.859228+00:00
RC0402FR-076R19L,C477767,0402,YAGEO,jlcparts SQLite,2026-09-05T12:46:35.795228+00:00
RC0402FR-076R49L,C477772,0402,YAGEO,jlcparts SQLite,2026-09-05T12:46:35.817228+00:00
RC0402FR-076R81L,C477776,0402,YAGEO,jlcparts SQLite,2026-09-05T12:46:35.839227+00:00
RC0402FR-07715KL,C477792,0402,YAGEO,jlcparts SQLite,2026-09-05T12:46:35.888229+00:00
RC0402FR-07715RL,C137941,0402,YAGEO,jlcparts SQLite,2026-09-05T12:46:35.872229+00:00
RC0402FR-0771K5L,C273328,0402,YAGEO,jlcparts SQLite,2026-09-05T12:46:35.884228+00:00
RC0402FR-0771R5L,C185399,0402,YAGEO,jlcparts SQLite,2026-09-05T12:46:35.866228+00:00
RC0402FR-07750KL,C137937,0402,YAGEO,jlcparts SQLite,2026-09-05T12:46:35.912228+00:00
RC0402FR-07750RL,C137936,0402,YAGEO,jlcparts SQLite,2026-09-05T12:46:35.901235+00:00
RC0402FR-0775KL,C137935,0402,YAGEO,jlcparts SQLite,2026-09-05T12:46:35.908229+00:00
RC0402FR-0775RL,C114757,0402,YAGEO,jlcparts SQLite,2026-09-05T12:46:35.898228+00:00
RC0402FR-07787KL,C477793,0402,YAGEO,jlcparts SQLite,2026-09-05T12:46:35.935228+00:00
RC0402FR-07787RL,C477794,0402,YAGEO,jlcparts SQLite,2026-09-05T12:46:35.925228+00:00
RC0402FR-0778K7L,C163454,0402,YAGEO,jlcparts SQLite,2026-09-05T12:46:35.931235+00:00
RC0402FR-0778R7L,C274371,0402,YAGEO,jlcparts SQLite,2026-09-05T12:46:35.921228+00:00
RC0402FR-077K15L,C185395,0402,YAGEO,jlcparts SQLite,2026-09-05T12:46:35.878228+00:00
RC0402FR-077K5L,C137934,0402,YAGEO,jlcparts SQLite,2026-09-05T12:46:35.905228+00:00
RC0402FR-077K87L,C185394,0402,YAGEO,jlcparts SQLite,2026-09-05T12:46:35.928228+00:00
RC0402FR-077M15L,C477783,0402,YAGEO,jlcparts SQLite,2026-09-05T12:46:35.891243+00:00
RC0402FR-077M5L,C327241,0402,YAGEO,jlcparts SQLite,2026-09-05T12:46:35.915228+00:00
RC0402FR-077M87L,C477790,0402,YAGEO,jlcparts SQLite,2026-09-05T12:46:35.938227+00:00
RC0402FR-077R15L,C477784,0402,YAGEO,jlcparts SQLite,2026-09-05T12:46:35.862228+00:00
RC0402FR-077R5L,C185393,0402,YAGEO,jlcparts SQLite,2026-09-05T12:46:35.895228+00:00
RC0402FR-077R87L,C477791,0402,YAGEO,jlcparts SQLite,2026-09-05T12:46:35.918228+00:00
RC0402FR-07825KL,C477805,0402,YAGEO,jlcparts SQLite,2026-09-05T12:46:35.958228+00:00
RC0402FR-07825RL,C375496,0402,YAGEO,jlcparts SQLite,2026-09-05T12:46:35.948227+00:00
RC0402FR-0782K5L,C185391,0402,YAGEO,jlcparts SQLite,2026-09-05T12:46:35.954234+00:00
RC0402FR-0782R5L,C309550,0402,YAGEO,jlcparts SQLite,2026-09-05T12:46:35.945228+00:00
RC0402FR-07866KL,C137931,0402,YAGEO,jlcparts SQLite,2026-09-05T12:46:35.982228+00:00
RC0402FR-07866RL,C273736,0402,YAGEO,jlcparts SQLite,2026-09-05T12:46:35.971228+00:00
RC0402FR-0786K6L,C477807,0402,YAGEO,jlcparts SQLite,2026-09-05T12:46:35.978228+00:00
RC0402FR-0786R6L,C295882,0402,YAGEO,jlcparts SQLite,2026-09-05T12:46:35.968228+00:00
RC0402FR-078K25L,C185389,0402,YAGEO,jlcparts SQLite,2026-09-05T12:46:35.951229+00:00
RC0402FR-078K66L,C185387,0402,YAGEO,jlcparts SQLite,2026-09-05T12:46:35.975229+00:00
RC0402FR-078M25L,C477796,0402,YAGEO,jlcparts SQLite,2026-09-05T12:46:35.961228+00:00
RC0402FR-078M66L,C477801,0402,YAGEO,jlcparts SQLite,2026-09-05T12:46:35.985227+00:00
RC0402FR-078R25L,C477797,0402,YAGEO,jlcparts SQLite,2026-09-05T12:46:35.941228+00:00
RC0402FR-078R66L,C477802,0402,YAGEO,jlcparts SQLite,2026-09-05T12:46:35.964227+00:00
RC0402FR-07909KL,C273737,0402,YAGEO,jlcparts SQLite,2026-09-05T12:46:36.002228+00:00
RC0402FR-07909RL,C327324,0402,YAGEO,jlcparts SQLite,2026-09-05T12:46:35.994229+00:00
RC0402FR-0790K9L,C163452,0402,YAGEO,jlcparts SQLite,2026-09-05T12:46:35.999228+00:00
RC0402FR-0790R9L,C163451,0402,YAGEO,jlcparts SQLite,2026-09-05T12:46:35.990229+00:00
RC0402FR-07953KL,C273738,0402,YAGEO,jlcparts SQLite,2026-09-05T12:46:36.025228+00:00
RC0402FR-07953RL,C327322,0402,YAGEO,jlcparts SQLite,2026-09-05T12:46:36.015228+00:00
RC0402FR-0795K3L,C276280,0402,YAGEO,jlcparts SQLite,2026-09-05T12:46:36.021227+00:00
RC0402FR-0795R3L,C273697,0402,YAGEO,jlcparts SQLite,2026-09-05T12:46:36.011228+00:00
RC0402FR-079K53L,C295883,0402,YAGEO,jlcparts SQLite,2026-09-05T12:46:36.018229+00:00
RC0402FR-079M53L,C477817,0402,YAGEO,jlcparts SQLite,2026-09-05T12:46:36.029229+00:00
RC0402FR-079R53L,C477818,0402,YAGEO,jlcparts SQLite,2026-09-05T12:46:36.007228+00:00
RC0603FR-070RL,C100044,0603,YAGEO,jlcparts SQLite,2026-09-05T12:46:36.032228+00:00
RC0603FR-07100KL,C14675,0603,YAGEO,jlcparts SQLite,2026-09-05T12:46:36.053228+00:00
RC0603FR-07100RL,C105588,0603,YAGEO,jlcparts SQLite,2026-09-05T12:46:36.043228+00:00
RC0603FR-07105KL,C141685,0603,YAGEO,jlcparts SQLite,2026-09-05T12:46:36.080228+00:00
RC0603FR-07105RL,C128061,0603,YAGEO,jlcparts SQLite,2026-09-05T12:46:36.070228+00:00
RC0603FR-0710K5L,C137808,0603,YAGEO,jlcparts SQLite,2026-09-05T12:46:36.077227+00:00
RC0603FR-0710KL,C98220,0603,YAGEO,jlcparts SQLite,2026-09-05T12:46:36.049227+00:00
RC0603FR-0710ML,C114606,0603,YAGEO,jlcparts SQLite,2026-09-05T12:46:36.060228+00:00
RC0603FR-0710R5L,C245897,0603,YAGEO,jlcparts SQLite,2026-09-05T12:46:36.066228+00:00
RC0603FR-0710RL,C109318,0603,YAGEO,jlcparts SQLite,2026-09-05T12:46:36.039228+00:00
RC0603FR-07110KL,C137807,0603,YAGEO,jlcparts SQLite,2026-09-05T12:46:36.114308+00:00
RC0603FR-07110RL,C141676,0603,YAGEO,jlcparts SQLite,2026-09-05T12:46:36.103308+00:00
RC0603FR-07115KL,C137806,0603,YAGEO,jlcparts SQLite,2026-09-05T12:46:36.140307+00:00
RC0603FR-07115RL,C137805,0603,YAGEO,jlcparts SQLite,2026-09-05T12:46:36.128308+00:00
RC0603FR-0711K5L,C137802,0603,YAGEO,jlcparts SQLite,2026-09-05T12:46:36.136308+00:00
RC0603FR-0711KL,C137801,0603,YAGEO,jlcparts SQLite,2026-09-05T12:46:36.110307+00:00
RC0603FR-0711R5L,C245901,0603,YAGEO,jlcparts SQLite,2026-09-05T12:46:36.125308+00:00
RC0603FR-0711RL,C245903,0603,YAGEO,jlcparts SQLite,2026-09-05T12:46:36.099317+00:00
RC0603FR-07120KL,C114607,0603,YAGEO,jlcparts SQLite,2026-09-05T12:47:21.661180+00:00
RC0603FR-07120RL,C114640,0603,YAGEO,jlcparts SQLite,2026-09-05T12:47:21.373180+00:00
RC0603FR-07121KL,C245904,0603,YAGEO,jlcparts SQLite,2026-09-05T12:46:36.166308+00:00
RC0603FR-07121RL,C482768,0603,YAGEO,jlcparts SQLite,2026-09-05T12:46:36.155308+00:00
RC0603FR-07127KL,C245905,0603,YAGEO,jlcparts SQLite,2026-09-05T12:46:36.192308+00:00
RC0603FR-07127RL,C137799,0603,YAGEO,jlcparts SQLite,2026-09-05T12:46:36.180307+00:00
RC0603FR-0712K1L,C123417,0603,YAGEO,jlcparts SQLite,2026-09-05T12:46:36.162307+00:00
RC0603FR-0712K7L,C185374,0603,YAGEO,jlcparts SQLite,2026-09-05T12:46:36.188307+00:00
RC0603FR-0712KL,C114659,0603,YAGEO,jlcparts SQLite,2026-09-05T12:47:21.562180+00:00
RC0603FR-0712R1L,C245906,0603,YAGEO,jlcparts SQLite,2026-09-05T12:46:36.151308+00:00
RC0603FR-0712R7L,C245908,0603,YAGEO,jlcparts SQLite,2026-09-05T12:46:36.177308+00:00
RC0603FR-0712RL,C245909,0603,YAGEO,jlcparts SQLite,2026-09-05T12:47:21.277180+00:00
RC0603FR-07130KL,C163432,0603,YAGEO,jlcparts SQLite,2026-09-05T12:47:21.666180+00:00
RC0603FR-07130RL,C141677,0603,YAGEO,jlcparts SQLite,2026-09-05T12:47:21.377180+00:00
RC0603FR-07133KL,C273788,0603,YAGEO,jlcparts SQLite,2026-09-05T12:46:36.218308+00:00
RC0603FR-07133RL,C273752,0603,YAGEO,jlcparts SQLite,2026-09-05T12:46:36.207308+00:00
RC0603FR-0713K3L,C185373,0603,YAGEO,jlcparts SQLite,2026-09-05T12:46:36.214308+00:00
RC0603FR-0713KL,C137796,0603,YAGEO,jlcparts SQLite,2026-09-05T12:47:21.566180+00:00
RC0603FR-0713R3L,C482770,0603,YAGEO,jlcparts SQLite,2026-09-05T12:46:36.203307+00:00
RC0603FR-0713RL,C295886,0603,YAGEO,jlcparts SQLite,2026-09-05T12:47:21.282187+00:00
RC0603FR-07140KL,C185372,0603,YAGEO,jlcparts SQLite,2026-09-05T12:46:36.244307+00:00
RC0603FR-07140RL,C245910,0603,YAGEO,jlcparts SQLite,2026-09-05T12:46:36.233308+00:00
RC0603FR-07147KL,C185371,0603,YAGEO,jlcparts SQLite,2026-09-05T12:46:36.269307+00:00
RC0603FR-07147RL,C245911,0603,YAGEO,jlcparts SQLite,2026-09-05T12:46:36.258313+00:00
RC0603FR-0714K7L,C245912,0603,YAGEO,jlcparts SQLite,2026-09-05T12:46:36.266308+00:00
RC0603FR-0714KL,C137795,0603,YAGEO,jlcparts SQLite,2026-09-05T12:46:36.240307+00:00
RC0603FR-0714R7L,C245914,0603,YAGEO,jlcparts SQLite,2026-09-05T12:46:36.255307+00:00
RC0603FR-0714RL,C245915,0603,YAGEO,jlcparts SQLite,2026-09-05T12:46:36.229308+00:00
RC0603FR-07150KL,C114660,0603,YAGEO,jlcparts SQLite,2026-09-05T12:47:21.670180+00:00
RC0603FR-07150RL,C114608,0603,YAGEO,jlcparts SQLite,2026-09-05T12:47:21.382180+00:00
RC0603FR-07154KL,C137794,0603,YAGEO,jlcparts SQLite,2026-09-05T12:46:36.295307+00:00
RC0603FR-07154RL,C245916,0603,YAGEO,jlcparts SQLite,2026-09-05T12:46:36.284308+00:00
RC0603FR-0715K4L,C185370,0603,YAGEO,jlcparts SQLite,2026-09-05T12:46:36.291320+00:00
RC0603FR-0715KL,C114661,0603,YAGEO,jlcparts SQLite,2026-09-05T12:47:21.571180+00:00
RC0603FR-0715R4L,C245918,0603,YAGEO,jlcparts SQLite,2026-09-05T12:46:36.280307+00:00
RC0603FR-0715RL,C128059,0603,YAGEO,jlcparts SQLite,2026-09-05T12:47:21.286180+00:00
RC0603FR-07160KL,C137793,0603,YAGEO,jlcparts SQLite,2026-09-05T12:47:21.675180+00:00
RC0603FR-07160RL,C185369,0603,YAGEO,jlcparts SQLite,2026-09-05T12:47:21.387181+00:00
RC0603FR-07162KL,C165760,0603,YAGEO,jlcparts SQLite,2026-09-05T12:46:36.321308+00:00
RC0603FR-07162RL,C185368,0603,YAGEO,jlcparts SQLite,2026-09-05T12:46:36.310307+00:00
RC0603FR-07169KL,C137791,0603,YAGEO,jlcparts SQLite,2026-09-05T12:46:36.347314+00:00
RC0603FR-07169RL,C185367,0603,YAGEO,jlcparts SQLite,2026-09-05T12:46:36.336307+00:00
RC0603FR-0716K2L,C137790,0603,YAGEO,jlcparts SQLite,2026-09-05T12:46:36.317314+00:00
RC0603FR-0716K9L,C137789,0603,YAGEO,jlcparts SQLite,2026-09-05T12:46:36.344308+00:00
RC0603FR-0716KL,C137788,0603,YAGEO,jlcparts SQLite,2026-09-05T12:47:21.576180+00:00
RC0603FR-0716R2L,C482775,0603,YAGEO,jlcparts SQLite,2026-09-05T12:46:36.306307+00:00
RC0603FR-0716R9L,C245920,0603,YAGEO,jlcparts SQLite,2026-09-05T12:46:36.332316+00:00
RC0603FR-0716RL,C137787,0603,YAGEO,jlcparts SQLite,2026-09-05T12:47:21.291189+00:00
RC0603FR-07178KL,C185366,0603,YAGEO,jlcparts SQLite,2026-09-05T12:46:36.374307+00:00
RC0603FR-07178RL,C245921,0603,YAGEO,jlcparts SQLite,2026-09-05T12:46:36.363308+00:00
RC0603FR-0717K8L,C185364,0603,YAGEO,jlcparts SQLite,2026-09-05T12:46:36.370307+00:00
RC0603FR-0717R8L,C482777,0603,YAGEO,jlcparts SQLite,2026-09-05T12:46:36.359307+00:00
RC0603FR-07180KL,C123419,0603,YAGEO,jlcparts SQLite,2026-09-05T12:47:21.680180+00:00
RC0603FR-07180RL,C137786,0603,YAGEO,jlcparts SQLite,2026-09-05T12:47:21.391187+00:00
RC0603FR-07187KL,C165762,0603,YAGEO,jlcparts SQLite,2026-09-05T12:46:36.401307+00:00
RC0603FR-07187RL,C137785,0603,YAGEO,jlcparts SQLite,2026-09-05T12:46:36.389307+00:00
RC0603FR-0718K7L,C155690,0603,YAGEO,jlcparts SQLite,2026-09-05T12:46:36.397307+00:00
RC0603FR-0718KL,C114610,0603,YAGEO,jlcparts SQLite,2026-09-05T12:47:21.581181+00:00
RC0603FR-0718R7L,C245923,0603,YAGEO,jlcparts SQLite,2026-09-05T12:46:36.385307+00:00
RC0603FR-0718RL,C245924,0603,YAGEO,jlcparts SQLite,2026-09-05T12:47:21.295180+00:00
RC0603FR-07196KL,C273761,0603,YAGEO,jlcparts SQLite,2026-09-05T12:46:36.427315+00:00
RC0603FR-07196RL,C165763,0603,YAGEO,jlcparts SQLite,2026-09-05T12:46:36.416307+00:00
RC0603FR-0719K6L,C245925,0603,YAGEO,jlcparts SQLite,2026-09-05T12:46:36.424308+00:00
RC0603FR-0719R6L,C245927,0603,YAGEO,jlcparts SQLite,2026-09-05T12:46:36.412308+00:00
RC0603FR-071K15L,C137781,0603,YAGEO,jlcparts SQLite,2026-09-05T12:46:36.132308+00:00
RC0603FR-071K1L,C137780,0603,YAGEO,jlcparts SQLite,2026-09-05T12:46:36.106314+00:00
RC0603FR-071K21L,C137779,0603,YAGEO,jlcparts SQLite,2026-09-05T12:46:36.158308+00:00
RC0603FR-071K27L,C245930,0603,YAGEO,jlcparts SQLite,2026-09-05T12:46:36.184307+00:00
RC0603FR-071K2L,C114605,0603,YAGEO,jlcparts SQLite,2026-09-05T12:47:21.469180+00:00
RC0603FR-071K33L,C137778,0603,YAGEO,jlcparts SQLite,2026-09-05T12:46:36.210307+00:00
RC0603FR-071K3L,C125319,0603,YAGEO,jlcparts SQLite,2026-09-05T12:47:21.473180+00:00
RC0603FR-071K47L,C482634,0603,YAGEO,jlcparts SQLite,2026-09-05T12:46:36.262307+00:00
RC0603FR-071K4L,C185359,0603,YAGEO,jlcparts SQLite,2026-09-05T12:46:36.237308+00:00
RC0603FR-071K54L,C185358,0603,YAGEO,jlcparts SQLite,2026-09-05T12:46:36.288308+00:00
RC0603FR-071K5L,C114668,0603,YAGEO,jlcparts SQLite,2026-09-05T12:46:36.073228+00:00
RC0603FR-071K62L,C276289,0603,YAGEO,jlcparts SQLite,2026-09-05T12:46:36.314308+00:00
RC0603FR-071K69L,C185356,0603,YAGEO,jlcparts SQLite,2026-09-05T12:46:36.340308+00:00
RC0603FR-071K6L,C165489,0603,YAGEO,jlcparts SQLite,2026-09-05T12:47:21.478181+00:00
RC0603FR-071K78L,C137775,0603,YAGEO,jlcparts SQLite,2026-09-05T12:46:36.366315+00:00
RC0603FR-071K87L,C185355,0603,YAGEO,jlcparts SQLite,2026-09-05T12:46:36.393307+00:00
RC0603FR-071K8L,C185354,0603,YAGEO,jlcparts SQLite,2026-09-05T12:47:21.484181+00:00
RC0603FR-071K96L,C185352,0603,YAGEO,jlcparts SQLite,2026-09-05T12:46:36.420307+00:00
RC0603FR-071KL,C22548,0603,YAGEO,jlcparts SQLite,2026-09-05T12:46:36.046228+00:00
RC0603FR-071M15L,C482616,0603,YAGEO,jlcparts SQLite,2026-09-05T12:46:36.143308+00:00
RC0603FR-071M1L,C482620,0603,YAGEO,jlcparts SQLite,2026-09-05T12:46:36.118307+00:00
RC0603FR-071M21L,C482621,0603,YAGEO,jlcparts SQLite,2026-09-05T12:46:36.169308+00:00
RC0603FR-071M27L,C482625,0603,YAGEO,jlcparts SQLite,2026-09-05T12:46:36.195308+00:00
RC0603FR-071M2L,C137774,0603,YAGEO,jlcparts SQLite,2026-09-05T12:47:21.760180+00:00
RC0603FR-071M33L,C482628,0603,YAGEO,jlcparts SQLite,2026-09-05T12:46:36.222308+00:00
RC0603FR-071M3L,C245931,0603,YAGEO,jlcparts SQLite,2026-09-05T12:47:21.765180+00:00
RC0603FR-071M47L,C482635,0603,YAGEO,jlcparts SQLite,2026-09-05T12:46:36.273308+00:00
RC0603FR-071M4L,C470024,0603,YAGEO,jlcparts SQLite,2026-09-05T12:46:36.247316+00:00
RC0603FR-071M54L,C482638,0603,YAGEO,jlcparts SQLite,2026-09-05T12:46:36.299307+00:00
RC0603FR-071M5L,C137773,0603,YAGEO,jlcparts SQLite,2026-09-05T12:46:36.092307+00:00
RC0603FR-071M62L,C482643,0603,YAGEO,jlcparts SQLite,2026-09-05T12:46:36.325307+00:00
RC0603FR-071M69L,C482647,0603,YAGEO,jlcparts SQLite,2026-09-05T12:46:36.351307+00:00
RC0603FR-071M6L,C482649,0603,YAGEO,jlcparts SQLite,2026-09-05T12:47:21.770180+00:00
RC0603FR-071M78L,C482655,0603,YAGEO,jlcparts SQLite,2026-09-05T12:46:36.378307+00:00
RC0603FR-071M87L,C482759,0603,YAGEO,jlcparts SQLite,2026-09-05T12:46:36.405308+00:00
RC0603FR-071M8L,C137772,0603,YAGEO,jlcparts SQLite,2026-09-05T12:47:21.775180+00:00
RC0603FR-071M96L,C482764,0603,YAGEO,jlcparts SQLite,2026-09-05T12:46:36.431307+00:00
RC0603FR-071ML,C105578,0603,YAGEO,jlcparts SQLite,2026-09-05T12:46:36.056228+00:00
RC0603FR-071R15L,C482617,0603,YAGEO,jlcparts SQLite,2026-09-05T12:46:36.121308+00:00
RC0603FR-071R1L,C309559,0603,YAGEO,jlcparts SQLite,2026-09-05T12:46:36.096308+00:00
RC0603FR-071R21L,C482622,0603,YAGEO,jlcparts SQLite,2026-09-05T12:46:36.147307+00:00
RC0603FR-071R27L,C482626,0603,YAGEO,jlcparts SQLite,2026-09-05T12:46:36.173308+00:00
RC0603FR-071R2L,C137771,0603,YAGEO,jlcparts SQLite,2026-09-05T12:47:21.187179+00:00
RC0603FR-071R33L,C137770,0603,YAGEO,jlcparts SQLite,2026-09-05T12:46:36.199308+00:00
RC0603FR-071R3L,C482631,0603,YAGEO,jlcparts SQLite,2026-09-05T12:47:21.192180+00:00
RC0603FR-071R47L,C482636,0603,YAGEO,jlcparts SQLite,2026-09-05T12:46:36.251307+00:00
RC0603FR-071R4L,C482637,0603,YAGEO,jlcparts SQLite,2026-09-05T12:46:36.225307+00:00
RC0603FR-071R54L,C482639,0603,YAGEO,jlcparts SQLite,2026-09-05T12:46:36.276314+00:00
RC0603FR-071R5L,C245932,0603,YAGEO,jlcparts SQLite,2026-09-05T12:46:36.063228+00:00
RC0603FR-071R62L,C482644,0603,YAGEO,jlcparts SQLite,2026-09-05T12:46:36.303308+00:00
RC0603FR-071R69L,C482648,0603,YAGEO,jlcparts SQLite,2026-09-05T12:46:36.329307+00:00
RC0603FR-071R6L,C482651,0603,YAGEO,jlcparts SQLite,2026-09-05T12:47:21.197180+00:00
RC0603FR-071R78L,C482656,0603,YAGEO,jlcparts SQLite,2026-09-05T12:46:36.355307+00:00
RC0603FR-071R87L,C482760,0603,YAGEO,jlcparts SQLite,2026-09-05T12:46:36.381308+00:00
RC0603FR-071R8L,C245933,0603,YAGEO,jlcparts SQLite,2026-09-05T12:47:21.201187+00:00
RC0603FR-071R96L,C482765,0603,YAGEO,jlcparts SQLite,2026-09-05T12:46:36.408307+00:00
RC0603FR-071RL,C112305,0603,YAGEO,jlcparts SQLite,2026-09-05T12:46:36.036229+00:00
RC0603FR-07200KL,C105574,0603,YAGEO,jlcparts SQLite,2026-09-05T12:47:21.684179+00:00
RC0603FR-07200RL,C114664,0603,YAGEO,jlcparts SQLite,2026-09-05T12:47:21.396180+00:00
RC0603FR-07205KL,C185351,0603,YAGEO,jlcparts SQLite,2026-09-05T12:46:36.451308+00:00
RC0603FR-07205RL,C273757,0603,YAGEO,jlcparts SQLite,2026-09-05T12:46:36.441307+00:00
RC0603FR-0720K5L,C273789,0603,YAGEO,jlcparts SQLite,2026-09-05T12:46:36.447308+00:00
RC0603FR-0720KL,C105575,0603,YAGEO,jlcparts SQLite,2026-09-05T12:47:21.585180+00:00
RC0603FR-0720R5L,C245934,0603,YAGEO,jlcparts SQLite,2026-09-05T12:46:36.437308+00:00
RC0603FR-0720RL,C125758,0603,YAGEO,jlcparts SQLite,2026-09-05T12:47:21.300180+00:00
RC0603FR-07215KL,C185350,0603,YAGEO,jlcparts SQLite,2026-09-05T12:46:36.476307+00:00
RC0603FR-07215RL,C273775,0603,YAGEO,jlcparts SQLite,2026-09-05T12:46:36.464313+00:00
RC0603FR-0721K5L,C112318,0603,YAGEO,jlcparts SQLite,2026-09-05T12:46:36.472307+00:00
RC0603FR-0721R5L,C245935,0603,YAGEO,jlcparts SQLite,2026-09-05T12:46:36.460308+00:00
RC0603FR-07220KL,C123420,0603,YAGEO,jlcparts SQLite,2026-09-05T12:47:21.689179+00:00
RC0603FR-07220RL,C107696,0603,YAGEO,jlcparts SQLite,2026-09-05T12:47:21.400180+00:00
RC0603FR-07226KL,C165744,0603,YAGEO,jlcparts SQLite,2026-09-05T12:46:36.517505+00:00
RC0603FR-07226RL,C245937,0603,YAGEO,jlcparts SQLite,2026-09-05T12:46:36.492308+00:00
RC0603FR-0722K6L,C185349,0603,YAGEO,jlcparts SQLite,2026-09-05T12:46:36.513502+00:00
RC0603FR-0722KL,C114065,0603,YAGEO,jlcparts SQLite,2026-09-05T12:47:21.590188+00:00
RC0603FR-0722R6L,C245938,0603,YAGEO,jlcparts SQLite,2026-09-05T12:46:36.488308+00:00
RC0603FR-0722RL,C107701,0603,YAGEO,jlcparts SQLite,2026-09-05T12:47:21.304180+00:00
RC0603FR-07237KL,C188262,0603,YAGEO,jlcparts SQLite,2026-09-05T12:46:36.545503+00:00
RC0603FR-07237RL,C137766,0603,YAGEO,jlcparts SQLite,2026-09-05T12:46:36.533503+00:00
RC0603FR-0723K7L,C165751,0603,YAGEO,jlcparts SQLite,2026-09-05T12:46:36.541502+00:00
RC0603FR-0723R7L,C245940,0603,YAGEO,jlcparts SQLite,2026-09-05T12:46:36.529502+00:00
RC0603FR-07240KL,C137765,0603,YAGEO,jlcparts SQLite,2026-09-05T12:47:21.694180+00:00
RC0603FR-07240RL,C114613,0603,YAGEO,jlcparts SQLite,2026-09-05T12:47:21.405180+00:00
RC0603FR-07249KL,C137763,0603,YAGEO,jlcparts SQLite,2026-09-05T12:46:36.572504+00:00
RC0603FR-07249RL,C137762,0603,YAGEO,jlcparts SQLite,2026-09-05T12:46:36.561503+00:00
RC0603FR-0724K9L,C137761,0603,YAGEO,jlcparts SQLite,2026-09-05T12:46:36.568509+00:00
RC0603FR-0724KL,C137760,0603,YAGEO,jlcparts SQLite,2026-09-05T12:47:21.595180+00:00
RC0603FR-0724R9L,C137759,0603,YAGEO,jlcparts SQLite,2026-09-05T12:46:36.557504+00:00
RC0603FR-0724RL,C137758,0603,YAGEO,jlcparts SQLite,2026-09-05T12:47:21.309180+00:00
RC0603FR-07261KL,C273794,0603,YAGEO,jlcparts SQLite,2026-09-05T12:46:36.601503+00:00
RC0603FR-07261RL,C273791,0603,YAGEO,jlcparts SQLite,2026-09-05T12:46:36.589503+00:00
RC0603FR-0726K1L,C482816,0603,YAGEO,jlcparts SQLite,2026-09-05T12:46:36.597503+00:00
RC0603FR-0726R1L,C245943,0603,YAGEO,jlcparts SQLite,2026-09-05T12:46:36.584509+00:00
RC0603FR-07270KL,C137755,0603,YAGEO,jlcparts SQLite,2026-09-05T12:47:21.699181+00:00
RC0603FR-07270RL,C137754,0603,YAGEO,jlcparts SQLite,2026-09-05T12:47:21.409187+00:00
RC0603FR-07274KL,C482818,0603,YAGEO,jlcparts SQLite,2026-09-05T12:46:36.629502+00:00
RC0603FR-07274RL,C482819,0603,YAGEO,jlcparts SQLite,2026-09-05T12:46:36.617505+00:00
RC0603FR-0727K4L,C165753,0603,YAGEO,jlcparts SQLite,2026-09-05T12:46:36.625502+00:00
RC0603FR-0727KL,C114614,0603,YAGEO,jlcparts SQLite,2026-09-05T12:47:21.600180+00:00
RC0603FR-0727R4L,C185346,0603,YAGEO,jlcparts SQLite,2026-09-05T12:46:36.613503+00:00
RC0603FR-0727RL,C137753,0603,YAGEO,jlcparts SQLite,2026-09-05T12:47:21.314181+00:00
RC0603FR-07287KL,C245944,0603,YAGEO,jlcparts SQLite,2026-09-05T12:46:36.657504+00:00
RC0603FR-07287RL,C273798,0603,YAGEO,jlcparts SQLite,2026-09-05T12:46:36.645503+00:00
RC0603FR-0728K7L,C245945,0603,YAGEO,jlcparts SQLite,2026-09-05T12:46:36.653502+00:00
RC0603FR-0728R7L,C245946,0603,YAGEO,jlcparts SQLite,2026-09-05T12:46:36.641503+00:00
RC0603FR-072K15L,C273772,0603,YAGEO,jlcparts SQLite,2026-09-05T12:46:36.468307+00:00
RC0603FR-072K26L,C137750,0603,YAGEO,jlcparts SQLite,2026-09-05T12:46:36.496308+00:00
RC0603FR-072K2L,C114662,0603,YAGEO,jlcparts SQLite,2026-09-05T12:47:21.493180+00:00
RC0603FR-072K37L,C482793,0603,YAGEO,jlcparts SQLite,2026-09-05T12:46:36.537502+00:00
RC0603FR-072K49L,C108190,0603,YAGEO,jlcparts SQLite,2026-09-05T12:46:36.565503+00:00
RC0603FR-072K4L,C114611,0603,YAGEO,jlcparts SQLite,2026-09-05T12:47:21.497180+00:00
RC0603FR-072K61L,C185344,0603,YAGEO,jlcparts SQLite,2026-09-05T12:46:36.593503+00:00
RC0603FR-072K74L,C185342,0603,YAGEO,jlcparts SQLite,2026-09-05T12:46:36.621502+00:00
RC0603FR-072K7L,C114612,0603,YAGEO,jlcparts SQLite,2026-09-05T12:47:21.502181+00:00
RC0603FR-072K87L,C245951,0603,YAGEO,jlcparts SQLite,2026-09-05T12:46:36.649503+00:00
RC0603FR-072KL,C105576,0603,YAGEO,jlcparts SQLite,2026-09-05T12:47:21.488180+00:00
RC0603FR-072M15L,C482783,0603,YAGEO,jlcparts SQLite,2026-09-05T12:46:36.480307+00:00
RC0603FR-072M26L,C482789,0603,YAGEO,jlcparts SQLite,2026-09-05T12:46:36.521503+00:00
RC0603FR-072M2L,C137747,0603,YAGEO,jlcparts SQLite,2026-09-05T12:47:21.785180+00:00
RC0603FR-072M37L,C482794,0603,YAGEO,jlcparts SQLite,2026-09-05T12:46:36.549503+00:00
RC0603FR-072M49L,C482797,0603,YAGEO,jlcparts SQLite,2026-09-05T12:46:36.576502+00:00
RC0603FR-072M4L,C141686,0603,YAGEO,jlcparts SQLite,2026-09-05T12:47:21.790180+00:00
RC0603FR-072M61L,C482802,0603,YAGEO,jlcparts SQLite,2026-09-05T12:46:36.605503+00:00
RC0603FR-072M74L,C482806,0603,YAGEO,jlcparts SQLite,2026-09-05T12:46:36.633503+00:00
RC0603FR-072M7L,C141687,0603,YAGEO,jlcparts SQLite,2026-09-05T12:47:21.794181+00:00
RC0603FR-072M87L,C482808,0603,YAGEO,jlcparts SQLite,2026-09-05T12:46:36.661502+00:00
RC0603FR-072ML,C114615,0603,YAGEO,jlcparts SQLite,2026-09-05T12:47:21.780180+00:00
RC0603FR-072R15L,C482784,0603,YAGEO,jlcparts SQLite,2026-09-05T12:46:36.457308+00:00
RC0603FR-072R26L,C482790,0603,YAGEO,jlcparts SQLite,2026-09-05T12:46:36.484308+00:00
RC0603FR-072R2L,C112307,0603,YAGEO,jlcparts SQLite,2026-09-05T12:47:21.210180+00:00
RC0603FR-072R37L,C165754,0603,YAGEO,jlcparts SQLite,2026-09-05T12:46:36.525502+00:00
RC0603FR-072R49L,C482798,0603,YAGEO,jlcparts SQLite,2026-09-05T12:46:36.553502+00:00
RC0603FR-072R4L,C137746,0603,YAGEO,jlcparts SQLite,2026-09-05T12:47:21.215187+00:00
RC0603FR-072R61L,C482803,0603,YAGEO,jlcparts SQLite,2026-09-05T12:46:36.580509+00:00
RC0603FR-072R74L,C482807,0603,YAGEO,jlcparts SQLite,2026-09-05T12:46:36.609503+00:00
RC0603FR-072R7L,C309560,0603,YAGEO,jlcparts SQLite,2026-09-05T12:47:21.219188+00:00
RC0603FR-072R87L,C482809,0603,YAGEO,jlcparts SQLite,2026-09-05T12:46:36.637504+00:00
RC0603FR-072RL,C185341,0603,YAGEO,jlcparts SQLite,2026-09-05T12:47:21.206180+00:00
RC0603FR-07300KL,C114667,0603,YAGEO,jlcparts SQLite,2026-09-05T12:47:21.703180+00:00
RC0603FR-07300RL,C114617,0603,YAGEO,jlcparts SQLite,2026-09-05T12:47:21.414180+00:00
RC0603FR-07301KL,C273742,0603,YAGEO,jlcparts SQLite,2026-09-05T12:46:36.682502+00:00
RC0603FR-07301RL,C482847,0603,YAGEO,jlcparts SQLite,2026-09-05T12:46:36.672503+00:00
RC0603FR-0730K1L,C137745,0603,YAGEO,jlcparts SQLite,2026-09-05T12:46:36.678504+00:00
RC0603FR-0730KL,C100001,0603,YAGEO,jlcparts SQLite,2026-09-05T12:47:21.605181+00:00
RC0603FR-0730R1L,C245952,0603,YAGEO,jlcparts SQLite,2026-09-05T12:46:36.668503+00:00
RC0603FR-0730RL,C128060,0603,YAGEO,jlcparts SQLite,2026-09-05T12:47:21.318180+00:00
RC0603FR-07316KL,C185340,0603,YAGEO,jlcparts SQLite,2026-09-05T12:46:36.708503+00:00
RC0603FR-07316RL,C273763,0603,YAGEO,jlcparts SQLite,2026-09-05T12:46:36.696503+00:00
RC0603FR-0731K6L,C185339,0603,YAGEO,jlcparts SQLite,2026-09-05T12:46:36.704502+00:00
RC0603FR-0731R6L,C273790,0603,YAGEO,jlcparts SQLite,2026-09-05T12:46:36.692503+00:00
RC0603FR-07330KL,C114618,0603,YAGEO,jlcparts SQLite,2026-09-05T12:47:21.708181+00:00
RC0603FR-07330RL,C105881,0603,YAGEO,jlcparts SQLite,2026-09-05T12:47:21.418180+00:00
RC0603FR-07332KL,C309562,0603,YAGEO,jlcparts SQLite,2026-09-05T12:46:36.736511+00:00
RC0603FR-07332RL,C22170,0603,YAGEO,jlcparts SQLite,2026-09-05T12:46:36.724502+00:00
RC0603FR-0733K2L,C185338,0603,YAGEO,jlcparts SQLite,2026-09-05T12:46:36.732503+00:00
RC0603FR-0733KL,C126359,0603,YAGEO,jlcparts SQLite,2026-09-05T12:47:21.609180+00:00
RC0603FR-0733R2L,C165756,0603,YAGEO,jlcparts SQLite,2026-09-05T12:46:36.720502+00:00
RC0603FR-0733RL,C108661,0603,YAGEO,jlcparts SQLite,2026-09-05T12:47:21.323181+00:00
RC0603FR-07348KL,C273746,0603,YAGEO,jlcparts SQLite,2026-09-05T12:46:36.765502+00:00
RC0603FR-07348RL,C137742,0603,YAGEO,jlcparts SQLite,2026-09-05T12:46:36.753503+00:00
RC0603FR-0734K8L,C137741,0603,YAGEO,jlcparts SQLite,2026-09-05T12:46:36.761502+00:00
RC0603FR-0734R8L,C482848,0603,YAGEO,jlcparts SQLite,2026-09-05T12:46:36.748510+00:00
RC0603FR-07360KL,C137740,0603,YAGEO,jlcparts SQLite,2026-09-05T12:47:21.713180+00:00
RC0603FR-07360RL,C137739,0603,YAGEO,jlcparts SQLite,2026-09-05T12:47:21.423181+00:00
RC0603FR-07365KL,C185336,0603,YAGEO,jlcparts SQLite,2026-09-05T12:46:36.794503+00:00
RC0603FR-07365RL,C245957,0603,YAGEO,jlcparts SQLite,2026-09-05T12:46:36.782504+00:00
RC0603FR-0736K5L,C137738,0603,YAGEO,jlcparts SQLite,2026-09-05T12:46:36.790503+00:00
RC0603FR-0736KL,C114619,0603,YAGEO,jlcparts SQLite,2026-09-05T12:47:21.614180+00:00
RC0603FR-0736R5L,C245958,0603,YAGEO,jlcparts SQLite,2026-09-05T12:46:36.778502+00:00
RC0603FR-0736RL,C185335,0603,YAGEO,jlcparts SQLite,2026-09-05T12:47:21.327180+00:00
RC0603FR-07383KL,C245960,0603,YAGEO,jlcparts SQLite,2026-09-05T12:46:36.823504+00:00
RC0603FR-07383RL,C245961,0603,YAGEO,jlcparts SQLite,2026-09-05T12:46:36.811503+00:00
RC0603FR-0738K3L,C137736,0603,YAGEO,jlcparts SQLite,2026-09-05T12:46:36.819502+00:00
RC0603FR-0738R3L,C245962,0603,YAGEO,jlcparts SQLite,2026-09-05T12:46:36.807503+00:00
RC0603FR-07390KL,C137735,0603,YAGEO,jlcparts SQLite,2026-09-05T12:47:21.718180+00:00
RC0603FR-07390RL,C114620,0603,YAGEO,jlcparts SQLite,2026-09-05T12:47:21.427187+00:00
RC0603FR-0739KL,C163424,0603,YAGEO,jlcparts SQLite,2026-09-05T12:47:21.619180+00:00
RC0603FR-0739RL,C137733,0603,YAGEO,jlcparts SQLite,2026-09-05T12:47:21.332180+00:00
RC0603FR-073K16L,C185333,0603,YAGEO,jlcparts SQLite,2026-09-05T12:46:36.700502+00:00
RC0603FR-073K32L,C137731,0603,YAGEO,jlcparts SQLite,2026-09-05T12:46:36.728502+00:00
RC0603FR-073K3L,C108078,0603,YAGEO,jlcparts SQLite,2026-09-05T12:47:21.511181+00:00
RC0603FR-073K48L,C273778,0603,YAGEO,jlcparts SQLite,2026-09-05T12:46:36.757503+00:00
RC0603FR-073K65L,C137730,0603,YAGEO,jlcparts SQLite,2026-09-05T12:46:36.786503+00:00
RC0603FR-073K6L,C137729,0603,YAGEO,jlcparts SQLite,2026-09-05T12:47:21.516180+00:00
RC0603FR-073K83L,C482840,0603,YAGEO,jlcparts SQLite,2026-09-05T12:46:36.815503+00:00
RC0603FR-073K9L,C114616,0603,YAGEO,jlcparts SQLite,2026-09-05T12:47:21.520180+00:00
RC0603FR-073KL,C126358,0603,YAGEO,jlcparts SQLite,2026-09-05T12:47:21.507180+00:00
RC0603FR-073M16L,C482825,0603,YAGEO,jlcparts SQLite,2026-09-05T12:46:36.712502+00:00
RC0603FR-073M32L,C327396,0603,YAGEO,jlcparts SQLite,2026-09-05T12:46:36.741503+00:00
RC0603FR-073M3L,C141688,0603,YAGEO,jlcparts SQLite,2026-09-05T12:47:21.804180+00:00
RC0603FR-073M48L,C482829,0603,YAGEO,jlcparts SQLite,2026-09-05T12:46:36.769505+00:00
RC0603FR-073M65L,C482835,0603,YAGEO,jlcparts SQLite,2026-09-05T12:46:36.798503+00:00
RC0603FR-073M6L,C137727,0603,YAGEO,jlcparts SQLite,2026-09-05T12:47:21.808187+00:00
RC0603FR-073M83L,C482841,0603,YAGEO,jlcparts SQLite,2026-09-05T12:46:36.827514+00:00
RC0603FR-073M9L,C141689,0603,YAGEO,jlcparts SQLite,2026-09-05T12:47:21.813187+00:00
RC0603FR-073ML,C126361,0603,YAGEO,jlcparts SQLite,2026-09-05T12:47:21.799182+00:00
RC0603FR-073R16L,C137726,0603,YAGEO,jlcparts SQLite,2026-09-05T12:46:36.688503+00:00
RC0603FR-073R32L,C482828,0603,YAGEO,jlcparts SQLite,2026-09-05T12:46:36.716502+00:00
RC0603FR-073R3L,C137725,0603,YAGEO,jlcparts SQLite,2026-09-05T12:47:21.228187+00:00
RC0603FR-073R48L,C482830,0603,YAGEO,jlcparts SQLite,2026-09-05T12:46:36.745503+00:00
RC0603FR-073R65L,C482836,0603,YAGEO,jlcparts SQLite,2026-09-05T12:46:36.774503+00:00
RC0603FR-073R6L,C482837,0603,YAGEO,jlcparts SQLite,2026-09-05T12:47:21.232187+00:00
RC0603FR-073R83L,C482842,0603,YAGEO,jlcparts SQLite,2026-09-05T12:46:36.802513+00:00
RC0603FR-073R9L,C482845,0603,YAGEO,jlcparts SQLite,2026-09-05T12:47:21.237180+00:00
RC0603FR-073RL,C137724,0603,YAGEO,jlcparts SQLite,2026-09-05T12:47:21.224179+00:00
RC0603FR-07402KL,C874662,0603,YAGEO,jlcparts SQLite,2026-09-05T12:46:36.848503+00:00
RC0603FR-07402RL,C185331,0603,YAGEO,jlcparts SQLite,2026-09-05T12:46:36.838502+00:00
RC0603FR-0740K2L,C137723,0603,YAGEO,jlcparts SQLite,2026-09-05T12:46:36.844503+00:00
RC0603FR-0740R2L,C273759,0603,YAGEO,jlcparts SQLite,2026-09-05T12:46:36.834503+00:00
RC0603FR-07422KL,C245966,0603,YAGEO,jlcparts SQLite,2026-09-05T12:46:36.876503+00:00
RC0603FR-07422RL,C137722,0603,YAGEO,jlcparts SQLite,2026-09-05T12:46:36.863502+00:00
RC0603FR-0742K2L,C273741,0603,YAGEO,jlcparts SQLite,2026-09-05T12:46:36.872503+00:00
RC0603FR-0742R2L,C245967,0603,YAGEO,jlcparts SQLite,2026-09-05T12:46:36.859503+00:00
RC0603FR-07430KL,C482869,0603,YAGEO,jlcparts SQLite,2026-09-05T12:47:21.722180+00:00
RC0603FR-07430RL,C137721,0603,YAGEO,jlcparts SQLite,2026-09-05T12:47:21.432180+00:00
RC0603FR-0743KL,C137719,0603,YAGEO,jlcparts SQLite,2026-09-05T12:47:21.624181+00:00
RC0603FR-0743RL,C185328,0603,YAGEO,jlcparts SQLite,2026-09-05T12:47:21.336180+00:00
RC0603FR-07442KL,C185327,0603,YAGEO,jlcparts SQLite,2026-09-05T12:46:36.905503+00:00
RC0603FR-07442RL,C482870,0603,YAGEO,jlcparts SQLite,2026-09-05T12:46:36.892502+00:00
RC0603FR-0744K2L,C95684,0603,YAGEO,jlcparts SQLite,2026-09-05T12:46:36.901503+00:00
RC0603FR-0744R2L,C245970,0603,YAGEO,jlcparts SQLite,2026-09-05T12:46:36.888502+00:00
RC0603FR-07464KL,C137718,0603,YAGEO,jlcparts SQLite,2026-09-05T12:46:36.935502+00:00
RC0603FR-07464RL,C273797,0603,YAGEO,jlcparts SQLite,2026-09-05T12:46:36.922503+00:00
RC0603FR-0746K4L,C165747,0603,YAGEO,jlcparts SQLite,2026-09-05T12:46:36.930509+00:00
RC0603FR-0746R4L,C245973,0603,YAGEO,jlcparts SQLite,2026-09-05T12:46:36.918503+00:00
RC0603FR-07470KL,C114622,0603,YAGEO,jlcparts SQLite,2026-09-05T12:47:21.727180+00:00
RC0603FR-07470RL,C114669,0603,YAGEO,jlcparts SQLite,2026-09-05T12:47:21.436180+00:00
RC0603FR-0747KL,C105579,0603,YAGEO,jlcparts SQLite,2026-09-05T12:47:21.628180+00:00
RC0603FR-0747RL,C114623,0603,YAGEO,jlcparts SQLite,2026-09-05T12:47:21.341187+00:00
RC0603FR-07487RL,C185325,0603,YAGEO,jlcparts SQLite,2026-09-05T12:46:36.952036+00:00
RC0603FR-0748K7L,C165749,0603,YAGEO,jlcparts SQLite,2026-09-05T12:46:36.960043+00:00
RC0603FR-0748R7L,C245974,0603,YAGEO,jlcparts SQLite,2026-09-05T12:46:36.947963+00:00
RC0603FR-074K22L,C137713,0603,YAGEO,jlcparts SQLite,2026-09-05T12:46:36.867503+00:00
RC0603FR-074K3L,C137712,0603,YAGEO,jlcparts SQLite,2026-09-05T12:47:21.525184+00:00
RC0603FR-074K42L,C482858,0603,YAGEO,jlcparts SQLite,2026-09-05T12:46:36.896503+00:00
RC0603FR-074K64L,C137711,0603,YAGEO,jlcparts SQLite,2026-09-05T12:46:36.926503+00:00
RC0603FR-074K7L,C99782,0603,YAGEO,jlcparts SQLite,2026-09-05T12:47:21.530180+00:00
RC0603FR-074K87L,C137709,0603,YAGEO,jlcparts SQLite,2026-09-05T12:46:36.956036+00:00
RC0603FR-074M22L,C482852,0603,YAGEO,jlcparts SQLite,2026-09-05T12:46:36.880502+00:00
RC0603FR-074M3L,C482856,0603,YAGEO,jlcparts SQLite,2026-09-05T12:47:21.818180+00:00
RC0603FR-074M42L,C482859,0603,YAGEO,jlcparts SQLite,2026-09-05T12:46:36.909503+00:00
RC0603FR-074M64L,C482862,0603,YAGEO,jlcparts SQLite,2026-09-05T12:46:36.939503+00:00
RC0603FR-074M7L,C123423,0603,YAGEO,jlcparts SQLite,2026-09-05T12:47:21.823180+00:00
RC0603FR-074M87L,C482866,0603,YAGEO,jlcparts SQLite,2026-09-05T12:46:36.967037+00:00
RC0603FR-074R22L,C482853,0603,YAGEO,jlcparts SQLite,2026-09-05T12:46:36.854503+00:00
RC0603FR-074R3L,C137707,0603,YAGEO,jlcparts SQLite,2026-09-05T12:47:21.241180+00:00
RC0603FR-074R42L,C137706,0603,YAGEO,jlcparts SQLite,2026-09-05T12:46:36.884504+00:00
RC0603FR-074R64L,C482863,0603,YAGEO,jlcparts SQLite,2026-09-05T12:46:36.913513+00:00
RC0603FR-074R7L,C137705,0603,YAGEO,jlcparts SQLite,2026-09-05T12:47:21.246187+00:00
RC0603FR-074R87L,C482867,0603,YAGEO,jlcparts SQLite,2026-09-05T12:46:36.943502+00:00
RC0603FR-07510KL,C114066,0603,YAGEO,jlcparts SQLite,2026-09-05T12:47:21.732180+00:00
RC0603FR-07510RL,C114670,0603,YAGEO,jlcparts SQLite,2026-09-05T12:47:21.441179+00:00
RC0603FR-07511KL,C188257,0603,YAGEO,jlcparts SQLite,2026-09-05T12:46:36.994038+00:00
RC0603FR-07511RL,C137703,0603,YAGEO,jlcparts SQLite,2026-09-05T12:46:36.981037+00:00
RC0603FR-0751K1L,C364359,0603,YAGEO,jlcparts SQLite,2026-09-05T12:46:36.989037+00:00
RC0603FR-0751KL,C107231,0603,YAGEO,jlcparts SQLite,2026-09-05T12:47:21.633180+00:00
RC0603FR-0751R1L,C137702,0603,YAGEO,jlcparts SQLite,2026-09-05T12:46:36.976037+00:00
RC0603FR-0751RL,C114628,0603,YAGEO,jlcparts SQLite,2026-09-05T12:47:21.345180+00:00
RC0603FR-07536KL,C137701,0603,YAGEO,jlcparts SQLite,2026-09-05T12:46:37.025037+00:00
RC0603FR-07536RL,C245976,0603,YAGEO,jlcparts SQLite,2026-09-05T12:46:37.012038+00:00
RC0603FR-0753K6L,C137700,0603,YAGEO,jlcparts SQLite,2026-09-05T12:46:37.020037+00:00
RC0603FR-0753R6L,C245977,0603,YAGEO,jlcparts SQLite,2026-09-05T12:46:37.007037+00:00
RC0603FR-07560KL,C137699,0603,YAGEO,jlcparts SQLite,2026-09-05T12:47:21.737180+00:00
RC0603FR-07560RL,C114629,0603,YAGEO,jlcparts SQLite,2026-09-05T12:47:21.446180+00:00
RC0603FR-07562KL,C185319,0603,YAGEO,jlcparts SQLite,2026-09-05T12:46:37.055036+00:00
RC0603FR-07562RL,C245980,0603,YAGEO,jlcparts SQLite,2026-09-05T12:46:37.042037+00:00
RC0603FR-0756K2L,C482887,0603,YAGEO,jlcparts SQLite,2026-09-05T12:46:37.051037+00:00
RC0603FR-0756KL,C114630,0603,YAGEO,jlcparts SQLite,2026-09-05T12:47:21.638180+00:00
RC0603FR-0756R2L,C137698,0603,YAGEO,jlcparts SQLite,2026-09-05T12:46:37.038037+00:00
RC0603FR-0756RL,C126360,0603,YAGEO,jlcparts SQLite,2026-09-05T12:47:21.350180+00:00
RC0603FR-07590KL,C185318,0603,YAGEO,jlcparts SQLite,2026-09-05T12:46:37.086036+00:00
RC0603FR-07590RL,C273786,0603,YAGEO,jlcparts SQLite,2026-09-05T12:46:37.073036+00:00
RC0603FR-0759KL,C309564,0603,YAGEO,jlcparts SQLite,2026-09-05T12:46:37.082037+00:00
RC0603FR-0759RL,C273801,0603,YAGEO,jlcparts SQLite,2026-09-05T12:46:37.069037+00:00
RC0603FR-075K11L,C112314,0603,YAGEO,jlcparts SQLite,2026-09-05T12:46:36.985036+00:00
RC0603FR-075K1L,C105580,0603,YAGEO,jlcparts SQLite,2026-09-05T12:47:21.534180+00:00
RC0603FR-075K36L,C185316,0603,YAGEO,jlcparts SQLite,2026-09-05T12:46:37.016037+00:00
RC0603FR-075K62L,C183220,0603,YAGEO,jlcparts SQLite,2026-09-05T12:46:37.046043+00:00
RC0603FR-075K6L,C114627,0603,YAGEO,jlcparts SQLite,2026-09-05T12:47:21.539180+00:00
RC0603FR-075K9L,C137697,0603,YAGEO,jlcparts SQLite,2026-09-05T12:46:37.077049+00:00
RC0603FR-075M11L,C482872,0603,YAGEO,jlcparts SQLite,2026-09-05T12:46:36.998036+00:00
RC0603FR-075M1L,C163423,0603,YAGEO,jlcparts SQLite,2026-09-05T12:47:21.827187+00:00
RC0603FR-075M36L,C482876,0603,YAGEO,jlcparts SQLite,2026-09-05T12:46:37.029037+00:00
RC0603FR-075M62L,C482880,0603,YAGEO,jlcparts SQLite,2026-09-05T12:46:37.060038+00:00
RC0603FR-075M6L,C245985,0603,YAGEO,jlcparts SQLite,2026-09-05T12:47:21.832180+00:00
RC0603FR-075M9L,C309565,0603,YAGEO,jlcparts SQLite,2026-09-05T12:46:37.091037+00:00
RC0603FR-075R11L,C482873,0603,YAGEO,jlcparts SQLite,2026-09-05T12:46:36.972037+00:00
RC0603FR-075R1L,C114626,0603,YAGEO,jlcparts SQLite,2026-09-05T12:47:21.250187+00:00
RC0603FR-075R36L,C482877,0603,YAGEO,jlcparts SQLite,2026-09-05T12:46:37.003037+00:00
RC0603FR-075R62L,C482881,0603,YAGEO,jlcparts SQLite,2026-09-05T12:46:37.033043+00:00
RC0603FR-075R6L,C482882,0603,YAGEO,jlcparts SQLite,2026-09-05T12:47:21.255180+00:00
RC0603FR-075R9L,C482885,0603,YAGEO,jlcparts SQLite,2026-09-05T12:46:37.064037+00:00
RC0603FR-07619KL,C245988,0603,YAGEO,jlcparts SQLite,2026-09-05T12:46:37.117037+00:00
RC0603FR-07619RL,C482905,0603,YAGEO,jlcparts SQLite,2026-09-05T12:46:37.104037+00:00
RC0603FR-0761K9L,C137696,0603,YAGEO,jlcparts SQLite,2026-09-05T12:46:37.112036+00:00
RC0603FR-0761R9L,C482904,0603,YAGEO,jlcparts SQLite,2026-09-05T12:46:37.099036+00:00
RC0603FR-07620KL,C68737,0603,YAGEO,jlcparts SQLite,2026-09-05T12:47:21.741180+00:00
RC0603FR-07620RL,C137695,0603,YAGEO,jlcparts SQLite,2026-09-05T12:47:21.450181+00:00
RC0603FR-0762KL,C137694,0603,YAGEO,jlcparts SQLite,2026-09-05T12:47:21.642180+00:00
RC0603FR-0762RL,C245989,0603,YAGEO,jlcparts SQLite,2026-09-05T12:47:21.354181+00:00
RC0603FR-07649KL,C245991,0603,YAGEO,jlcparts SQLite,2026-09-05T12:46:37.148037+00:00
RC0603FR-07649RL,C245992,0603,YAGEO,jlcparts SQLite,2026-09-05T12:46:37.134036+00:00
RC0603FR-0764K9L,C137692,0603,YAGEO,jlcparts SQLite,2026-09-05T12:46:37.143036+00:00
RC0603FR-0764R9L,C273751,0603,YAGEO,jlcparts SQLite,2026-09-05T12:46:37.130036+00:00
RC0603FR-07680KL,C137690,0603,YAGEO,jlcparts SQLite,2026-09-05T12:47:21.746180+00:00
RC0603FR-07680RL,C112310,0603,YAGEO,jlcparts SQLite,2026-09-05T12:47:21.455180+00:00
RC0603FR-07681KL,C245996,0603,YAGEO,jlcparts SQLite,2026-09-05T12:46:37.179037+00:00
RC0603FR-07681RL,C245997,0603,YAGEO,jlcparts SQLite,2026-09-05T12:46:37.165036+00:00
RC0603FR-0768K1L,C185315,0603,YAGEO,jlcparts SQLite,2026-09-05T12:46:37.174036+00:00
RC0603FR-0768KL,C114633,0603,YAGEO,jlcparts SQLite,2026-09-05T12:47:21.647180+00:00
RC0603FR-0768R1L,C273755,0603,YAGEO,jlcparts SQLite,2026-09-05T12:46:37.161036+00:00
RC0603FR-0768RL,C126362,0603,YAGEO,jlcparts SQLite,2026-09-05T12:47:21.359180+00:00
RC0603FR-076K19L,C137688,0603,YAGEO,jlcparts SQLite,2026-09-05T12:46:37.108036+00:00
RC0603FR-076K2L,C114631,0603,YAGEO,jlcparts SQLite,2026-09-05T12:47:21.544179+00:00
RC0603FR-076K49L,C163421,0603,YAGEO,jlcparts SQLite,2026-09-05T12:46:37.139037+00:00
RC0603FR-076K81L,C137687,0603,YAGEO,jlcparts SQLite,2026-09-05T12:46:37.170037+00:00
RC0603FR-076K8L,C114632,0603,YAGEO,jlcparts SQLite,2026-09-05T12:47:21.548180+00:00
RC0603FR-076M19L,C482890,0603,YAGEO,jlcparts SQLite,2026-09-05T12:46:37.121039+00:00
RC0603FR-076M2L,C482892,0603,YAGEO,jlcparts SQLite,2026-09-05T12:47:21.837180+00:00
RC0603FR-076M49L,C482895,0603,YAGEO,jlcparts SQLite,2026-09-05T12:46:37.152036+00:00
RC0603FR-076M81L,C482899,0603,YAGEO,jlcparts SQLite,2026-09-05T12:46:37.183036+00:00
RC0603FR-076M8L,C482901,0603,YAGEO,jlcparts SQLite,2026-09-05T12:47:21.842180+00:00
RC0603FR-076R19L,C482891,0603,YAGEO,jlcparts SQLite,2026-09-05T12:46:37.095036+00:00
RC0603FR-076R2L,C246001,0603,YAGEO,jlcparts SQLite,2026-09-05T12:47:21.259180+00:00
RC0603FR-076R49L,C482896,0603,YAGEO,jlcparts SQLite,2026-09-05T12:46:37.126037+00:00
RC0603FR-076R81L,C482900,0603,YAGEO,jlcparts SQLite,2026-09-05T12:46:37.156043+00:00
RC0603FR-076R8L,C185313,0603,YAGEO,jlcparts SQLite,2026-09-05T12:47:21.264187+00:00
RC0603FR-07715KL,C137685,0603,YAGEO,jlcparts SQLite,2026-09-05T12:46:37.211036+00:00
RC0603FR-07715RL,C482915,0603,YAGEO,jlcparts SQLite,2026-09-05T12:46:37.197036+00:00
RC0603FR-0771K5L,C185312,0603,YAGEO,jlcparts SQLite,2026-09-05T12:46:37.206037+00:00
RC0603FR-0771R5L,C246002,0603,YAGEO,jlcparts SQLite,2026-09-05T12:46:37.192036+00:00
RC0603FR-07750KL,C137684,0603,YAGEO,jlcparts SQLite,2026-09-05T12:46:37.245037+00:00
RC0603FR-07750RL,C114635,0603,YAGEO,jlcparts SQLite,2026-09-05T12:46:37.230037+00:00
RC0603FR-0775KL,C114636,0603,YAGEO,jlcparts SQLite,2026-09-05T12:46:37.240037+00:00
RC0603FR-0775RL,C112309,0603,YAGEO,jlcparts SQLite,2026-09-05T12:46:37.224037+00:00
RC0603FR-07787KL,C246008,0603,YAGEO,jlcparts SQLite,2026-09-05T12:46:37.277037+00:00
RC0603FR-07787RL,C137683,0603,YAGEO,jlcparts SQLite,2026-09-05T12:46:37.263037+00:00
RC0603FR-0778K7L,C246009,0603,YAGEO,jlcparts SQLite,2026-09-05T12:46:37.273037+00:00
RC0603FR-0778R7L,C482917,0603,YAGEO,jlcparts SQLite,2026-09-05T12:46:37.258037+00:00
RC0603FR-077K15L,C137682,0603,YAGEO,jlcparts SQLite,2026-09-05T12:46:37.202036+00:00
RC0603FR-077K5L,C114634,0603,YAGEO,jlcparts SQLite,2026-09-05T12:46:37.235037+00:00
RC0603FR-077K87L,C137680,0603,YAGEO,jlcparts SQLite,2026-09-05T12:46:37.268037+00:00
RC0603FR-077M15L,C482906,0603,YAGEO,jlcparts SQLite,2026-09-05T12:46:37.215036+00:00
RC0603FR-077M5L,C482910,0603,YAGEO,jlcparts SQLite,2026-09-05T12:46:37.249037+00:00
RC0603FR-077M87L,C482913,0603,YAGEO,jlcparts SQLite,2026-09-05T12:46:37.282037+00:00
RC0603FR-077R15L,C482907,0603,YAGEO,jlcparts SQLite,2026-09-05T12:46:37.188037+00:00
RC0603FR-077R5L,C137679,0603,YAGEO,jlcparts SQLite,2026-09-05T12:46:37.220037+00:00
RC0603FR-077R87L,C482914,0603,YAGEO,jlcparts SQLite,2026-09-05T12:46:37.254037+00:00
RC0603FR-07820KL,C141684,0603,YAGEO,jlcparts SQLite,2026-09-05T12:47:21.751180+00:00
RC0603FR-07820RL,C114638,0603,YAGEO,jlcparts SQLite,2026-09-05T12:47:21.460180+00:00
RC0603FR-07825KL,C246012,0603,YAGEO,jlcparts SQLite,2026-09-05T12:46:37.310036+00:00
RC0603FR-07825RL,C273766,0603,YAGEO,jlcparts SQLite,2026-09-05T12:46:37.296037+00:00
RC0603FR-0782K5L,C185310,0603,YAGEO,jlcparts SQLite,2026-09-05T12:46:37.306037+00:00
RC0603FR-0782KL,C137678,0603,YAGEO,jlcparts SQLite,2026-09-05T12:47:21.652180+00:00
RC0603FR-0782R5L,C137677,0603,YAGEO,jlcparts SQLite,2026-09-05T12:46:37.291037+00:00
RC0603FR-0782RL,C137676,0603,YAGEO,jlcparts SQLite,2026-09-05T12:47:21.364187+00:00
RC0603FR-07866KL,C273783,0603,YAGEO,jlcparts SQLite,2026-09-05T12:46:37.344037+00:00
RC0603FR-07866RL,C185308,0603,YAGEO,jlcparts SQLite,2026-09-05T12:46:37.330037+00:00
RC0603FR-0786K6L,C141683,0603,YAGEO,jlcparts SQLite,2026-09-05T12:46:37.339038+00:00
RC0603FR-0786R6L,C246014,0603,YAGEO,jlcparts SQLite,2026-09-05T12:46:37.325037+00:00
RC0603FR-078K25L,C185307,0603,YAGEO,jlcparts SQLite,2026-09-05T12:46:37.301036+00:00
RC0603FR-078K2L,C114637,0603,YAGEO,jlcparts SQLite,2026-09-05T12:47:21.553180+00:00
RC0603FR-078K66L,C141682,0603,YAGEO,jlcparts SQLite,2026-09-05T12:46:37.334036+00:00
RC0603FR-078M25L,C482920,0603,YAGEO,jlcparts SQLite,2026-09-05T12:46:37.315037+00:00
RC0603FR-078M2L,C482922,0603,YAGEO,jlcparts SQLite,2026-09-05T12:47:21.846180+00:00
RC0603FR-078M66L,C482925,0603,YAGEO,jlcparts SQLite,2026-09-05T12:46:37.349037+00:00
RC0603FR-078R25L,C482921,0603,YAGEO,jlcparts SQLite,2026-09-05T12:46:37.287037+00:00
RC0603FR-078R2L,C137674,0603,YAGEO,jlcparts SQLite,2026-09-05T12:47:21.268187+00:00
RC0603FR-078R66L,C482926,0603,YAGEO,jlcparts SQLite,2026-09-05T12:46:37.320037+00:00
RC0603FR-07909KL,C185306,0603,YAGEO,jlcparts SQLite,2026-09-05T12:46:37.373037+00:00
RC0603FR-07909RL,C137673,0603,YAGEO,jlcparts SQLite,2026-09-05T12:46:37.361037+00:00
RC0603FR-0790K9L,C185305,0603,YAGEO,jlcparts SQLite,2026-09-05T12:46:37.368037+00:00
RC0603FR-0790R9L,C482938,0603,YAGEO,jlcparts SQLite,2026-09-05T12:46:37.356037+00:00
RC0603FR-07910KL,C137672,0603,YAGEO,jlcparts SQLite,2026-09-05T12:47:21.756180+00:00
RC0603FR-07910RL,C185304,0603,YAGEO,jlcparts SQLite,2026-09-05T12:47:21.464180+00:00
RC0603FR-0791KL,C137671,0603,YAGEO,jlcparts SQLite,2026-09-05T12:47:21.656183+00:00
RC0603FR-0791RL,C137670,0603,YAGEO,jlcparts SQLite,2026-09-05T12:47:21.368180+00:00
RC0603FR-07953KL,C137669,0603,YAGEO,jlcparts SQLite,2026-09-05T12:46:37.403037+00:00
RC0603FR-07953RL,C137668,0603,YAGEO,jlcparts SQLite,2026-09-05T12:46:37.389036+00:00
RC0603FR-0795K3L,C137667,0603,YAGEO,jlcparts SQLite,2026-09-05T12:46:37.398036+00:00
RC0603FR-0795R3L,C246017,0603,YAGEO,jlcparts SQLite,2026-09-05T12:46:37.384043+00:00
RC0603FR-079K1L,C114639,0603,YAGEO,jlcparts SQLite,2026-09-05T12:47:21.557180+00:00
RC0603FR-079K53L,C273743,0603,YAGEO,jlcparts SQLite,2026-09-05T12:46:37.393037+00:00
RC0603FR-079M1L,C327172,0603,YAGEO,jlcparts SQLite,2026-09-05T12:47:21.851180+00:00
RC0603FR-079M53L,C482934,0603,YAGEO,jlcparts SQLite,2026-09-05T12:46:37.407043+00:00
RC0603FR-079R1L,C246020,0603,YAGEO,jlcparts SQLite,2026-09-05T12:47:21.273180+00:00
RC0603FR-079R53L,C482935,0603,YAGEO,jlcparts SQLite,2026-09-05T12:46:37.380036+00:00
RC0805FR-070RL,C100045,0805,YAGEO,jlcparts SQLite,2026-09-05T12:46:37.412037+00:00
RC0805FR-07100KL,C96346,0805,YAGEO,jlcparts SQLite,2026-09-05T12:46:37.440036+00:00
RC0805FR-07100RL,C105577,0805,YAGEO,jlcparts SQLite,2026-09-05T12:46:37.426036+00:00
RC0805FR-07105KL,C273877,0805,YAGEO,jlcparts SQLite,2026-09-05T12:46:37.477036+00:00
RC0805FR-07105RL,C482998,0805,YAGEO,jlcparts SQLite,2026-09-05T12:46:37.463037+00:00
RC0805FR-0710K5L,C274362,0805,YAGEO,jlcparts SQLite,2026-09-05T12:46:37.472037+00:00
RC0805FR-0710KL,C84376,0805,YAGEO,jlcparts SQLite,2026-09-05T12:46:37.435037+00:00
RC0805FR-0710ML,C114525,0805,YAGEO,jlcparts SQLite,2026-09-05T12:46:37.449037+00:00
RC0805FR-0710R5L,C482996,0805,YAGEO,jlcparts SQLite,2026-09-05T12:46:37.458036+00:00
RC0805FR-0710RL,C96347,0805,YAGEO,jlcparts SQLite,2026-09-05T12:46:37.421036+00:00
RC0805FR-07110KL,C137599,0805,YAGEO,jlcparts SQLite,2026-09-05T12:46:37.510037+00:00
RC0805FR-07110RL,C246031,0805,YAGEO,jlcparts SQLite,2026-09-05T12:46:37.496037+00:00
RC0805FR-07115KL,C274364,0805,YAGEO,jlcparts SQLite,2026-09-05T12:46:37.543036+00:00
RC0805FR-07115RL,C483001,0805,YAGEO,jlcparts SQLite,2026-09-05T12:46:37.529037+00:00
RC0805FR-0711K5L,C273963,0805,YAGEO,jlcparts SQLite,2026-09-05T12:46:37.538037+00:00
RC0805FR-0711KL,C137597,0805,YAGEO,jlcparts SQLite,2026-09-05T12:46:37.505037+00:00
RC0805FR-0711R5L,C273983,0805,YAGEO,jlcparts SQLite,2026-09-05T12:46:37.524037+00:00
RC0805FR-0711RL,C185296,0805,YAGEO,jlcparts SQLite,2026-09-05T12:46:37.491037+00:00
RC0805FR-07121KL,C273848,0805,YAGEO,jlcparts SQLite,2026-09-05T12:46:37.576036+00:00
RC0805FR-07121RL,C273805,0805,YAGEO,jlcparts SQLite,2026-09-05T12:46:37.562036+00:00
RC0805FR-07127KL,C137596,0805,YAGEO,jlcparts SQLite,2026-09-05T12:46:37.609043+00:00
RC0805FR-07127RL,C483006,0805,YAGEO,jlcparts SQLite,2026-09-05T12:46:37.595036+00:00
RC0805FR-0712K1L,C273811,0805,YAGEO,jlcparts SQLite,2026-09-05T12:46:37.571037+00:00
RC0805FR-0712K7L,C273829,0805,YAGEO,jlcparts SQLite,2026-09-05T12:46:37.605037+00:00
RC0805FR-0712R1L,C483004,0805,YAGEO,jlcparts SQLite,2026-09-05T12:46:37.557037+00:00
RC0805FR-0712R7L,C483005,0805,YAGEO,jlcparts SQLite,2026-09-05T12:46:37.590036+00:00
RC0805FR-07133KL,C276296,0805,YAGEO,jlcparts SQLite,2026-09-05T12:46:37.643036+00:00
RC0805FR-07133RL,C483009,0805,YAGEO,jlcparts SQLite,2026-09-05T12:46:37.629037+00:00
RC0805FR-0713K3L,C274912,0805,YAGEO,jlcparts SQLite,2026-09-05T12:46:37.638036+00:00
RC0805FR-0713R3L,C483007,0805,YAGEO,jlcparts SQLite,2026-09-05T12:46:37.624037+00:00
RC0805FR-07140KL,C273833,0805,YAGEO,jlcparts SQLite,2026-09-05T12:46:37.677037+00:00
RC0805FR-07140RL,C273985,0805,YAGEO,jlcparts SQLite,2026-09-05T12:46:37.662043+00:00
RC0805FR-07147KL,C483012,0805,YAGEO,jlcparts SQLite,2026-09-05T12:46:37.725036+00:00
RC0805FR-07147RL,C273943,0805,YAGEO,jlcparts SQLite,2026-09-05T12:46:37.709038+00:00
RC0805FR-0714K7L,C273841,0805,YAGEO,jlcparts SQLite,2026-09-05T12:46:37.720037+00:00
RC0805FR-0714KL,C274366,0805,YAGEO,jlcparts SQLite,2026-09-05T12:46:37.672037+00:00
RC0805FR-0714R7L,C483011,0805,YAGEO,jlcparts SQLite,2026-09-05T12:46:37.704037+00:00
RC0805FR-0714RL,C276297,0805,YAGEO,jlcparts SQLite,2026-09-05T12:46:37.657043+00:00
RC0805FR-07154KL,C137591,0805,YAGEO,jlcparts SQLite,2026-09-05T12:46:37.760037+00:00
RC0805FR-07154RL,C273916,0805,YAGEO,jlcparts SQLite,2026-09-05T12:46:37.745041+00:00
RC0805FR-0715K4L,C163409,0805,YAGEO,jlcparts SQLite,2026-09-05T12:46:37.755037+00:00
RC0805FR-0715R4L,C483013,0805,YAGEO,jlcparts SQLite,2026-09-05T12:46:37.740036+00:00
RC0805FR-07162KL,C273888,0805,YAGEO,jlcparts SQLite,2026-09-05T12:46:37.795037+00:00
RC0805FR-07162RL,C273901,0805,YAGEO,jlcparts SQLite,2026-09-05T12:46:37.779037+00:00
RC0805FR-07169KL,C273870,0805,YAGEO,jlcparts SQLite,2026-09-05T12:46:37.830037+00:00
RC0805FR-07169RL,C483019,0805,YAGEO,jlcparts SQLite,2026-09-05T12:46:37.815041+00:00
RC0805FR-0716K2L,C137589,0805,YAGEO,jlcparts SQLite,2026-09-05T12:46:37.790037+00:00
RC0805FR-0716K9L,C273834,0805,YAGEO,jlcparts SQLite,2026-09-05T12:46:37.825037+00:00
RC0805FR-0716R2L,C483016,0805,YAGEO,jlcparts SQLite,2026-09-05T12:46:37.774037+00:00
RC0805FR-0716R9L,C483018,0805,YAGEO,jlcparts SQLite,2026-09-05T12:46:37.810043+00:00
RC0805FR-07178KL,C273815,0805,YAGEO,jlcparts SQLite,2026-09-05T12:46:37.866533+00:00
RC0805FR-07178RL,C483022,0805,YAGEO,jlcparts SQLite,2026-09-05T12:46:37.850037+00:00
RC0805FR-0717K8L,C273934,0805,YAGEO,jlcparts SQLite,2026-09-05T12:46:37.861068+00:00
RC0805FR-0717R8L,C483021,0805,YAGEO,jlcparts SQLite,2026-09-05T12:46:37.845037+00:00
RC0805FR-07187KL,C137584,0805,YAGEO,jlcparts SQLite,2026-09-05T12:46:37.901534+00:00
RC0805FR-07187RL,C273949,0805,YAGEO,jlcparts SQLite,2026-09-05T12:46:37.886534+00:00
RC0805FR-0718K7L,C273880,0805,YAGEO,jlcparts SQLite,2026-09-05T12:46:37.896535+00:00
RC0805FR-0718R7L,C483025,0805,YAGEO,jlcparts SQLite,2026-09-05T12:46:37.881534+00:00
RC0805FR-07196KL,C273865,0805,YAGEO,jlcparts SQLite,2026-09-05T12:46:37.937534+00:00
RC0805FR-07196RL,C273964,0805,YAGEO,jlcparts SQLite,2026-09-05T12:46:37.921534+00:00
RC0805FR-0719K6L,C273857,0805,YAGEO,jlcparts SQLite,2026-09-05T12:46:37.932535+00:00
RC0805FR-0719R6L,C483028,0805,YAGEO,jlcparts SQLite,2026-09-05T12:46:37.916534+00:00
RC0805FR-071K15L,C309566,0805,YAGEO,jlcparts SQLite,2026-09-05T12:46:37.533037+00:00
RC0805FR-071K1L,C185294,0805,YAGEO,jlcparts SQLite,2026-09-05T12:46:37.501037+00:00
RC0805FR-071K21L,C273868,0805,YAGEO,jlcparts SQLite,2026-09-05T12:46:37.567037+00:00
RC0805FR-071K27L,C273832,0805,YAGEO,jlcparts SQLite,2026-09-05T12:46:37.600037+00:00
RC0805FR-071K33L,C276298,0805,YAGEO,jlcparts SQLite,2026-09-05T12:46:37.634037+00:00
RC0805FR-071K47L,C137581,0805,YAGEO,jlcparts SQLite,2026-09-05T12:46:37.715038+00:00
RC0805FR-071K4L,C482967,0805,YAGEO,jlcparts SQLite,2026-09-05T12:46:37.667037+00:00
RC0805FR-071K54L,C273930,0805,YAGEO,jlcparts SQLite,2026-09-05T12:46:37.750037+00:00
RC0805FR-071K5L,C114555,0805,YAGEO,jlcparts SQLite,2026-09-05T12:46:37.468037+00:00
RC0805FR-071K62L,C273946,0805,YAGEO,jlcparts SQLite,2026-09-05T12:46:37.785037+00:00
RC0805FR-071K69L,C482976,0805,YAGEO,jlcparts SQLite,2026-09-05T12:46:37.820043+00:00
RC0805FR-071K78L,C482982,0805,YAGEO,jlcparts SQLite,2026-09-05T12:46:37.855037+00:00
RC0805FR-071K87L,C482987,0805,YAGEO,jlcparts SQLite,2026-09-05T12:46:37.891534+00:00
RC0805FR-071K96L,C273859,0805,YAGEO,jlcparts SQLite,2026-09-05T12:46:37.927534+00:00
RC0805FR-071KL,C95781,0805,YAGEO,jlcparts SQLite,2026-09-05T12:46:37.430037+00:00
RC0805FR-071M15L,C137578,0805,YAGEO,jlcparts SQLite,2026-09-05T12:46:37.547043+00:00
RC0805FR-071M1L,C137577,0805,YAGEO,jlcparts SQLite,2026-09-05T12:46:37.515037+00:00
RC0805FR-071M21L,C482951,0805,YAGEO,jlcparts SQLite,2026-09-05T12:46:37.581037+00:00
RC0805FR-071M27L,C482956,0805,YAGEO,jlcparts SQLite,2026-09-05T12:46:37.614036+00:00
RC0805FR-071M33L,C137576,0805,YAGEO,jlcparts SQLite,2026-09-05T12:46:37.648037+00:00
RC0805FR-071M47L,C482965,0805,YAGEO,jlcparts SQLite,2026-09-05T12:46:37.730036+00:00
RC0805FR-071M4L,C482968,0805,YAGEO,jlcparts SQLite,2026-09-05T12:46:37.686037+00:00
RC0805FR-071M54L,C482970,0805,YAGEO,jlcparts SQLite,2026-09-05T12:46:37.764042+00:00
RC0805FR-071M5L,C275642,0805,YAGEO,jlcparts SQLite,2026-09-05T12:46:37.482037+00:00
RC0805FR-071M62L,C482974,0805,YAGEO,jlcparts SQLite,2026-09-05T12:46:37.801037+00:00
RC0805FR-071M69L,C482977,0805,YAGEO,jlcparts SQLite,2026-09-05T12:46:37.835036+00:00
RC0805FR-071M78L,C482983,0805,YAGEO,jlcparts SQLite,2026-09-05T12:46:37.870541+00:00
RC0805FR-071M87L,C482988,0805,YAGEO,jlcparts SQLite,2026-09-05T12:46:37.906534+00:00
RC0805FR-071M96L,C482993,0805,YAGEO,jlcparts SQLite,2026-09-05T12:46:37.942534+00:00
RC0805FR-071ML,C107700,0805,YAGEO,jlcparts SQLite,2026-09-05T12:46:37.444043+00:00
RC0805FR-071R15L,C482948,0805,YAGEO,jlcparts SQLite,2026-09-05T12:46:37.519037+00:00
RC0805FR-071R1L,C137574,0805,YAGEO,jlcparts SQLite,2026-09-05T12:46:37.486037+00:00
RC0805FR-071R21L,C482952,0805,YAGEO,jlcparts SQLite,2026-09-05T12:46:37.552037+00:00
RC0805FR-071R27L,C482957,0805,YAGEO,jlcparts SQLite,2026-09-05T12:46:37.586037+00:00
RC0805FR-071R33L,C482958,0805,YAGEO,jlcparts SQLite,2026-09-05T12:46:37.619036+00:00
RC0805FR-071R47L,C482966,0805,YAGEO,jlcparts SQLite,2026-09-05T12:46:37.697038+00:00
RC0805FR-071R4L,C482969,0805,YAGEO,jlcparts SQLite,2026-09-05T12:46:37.653036+00:00
RC0805FR-071R54L,C482971,0805,YAGEO,jlcparts SQLite,2026-09-05T12:46:37.735036+00:00
RC0805FR-071R5L,C137572,0805,YAGEO,jlcparts SQLite,2026-09-05T12:46:37.454038+00:00
RC0805FR-071R62L,C309567,0805,YAGEO,jlcparts SQLite,2026-09-05T12:46:37.769037+00:00
RC0805FR-071R69L,C482978,0805,YAGEO,jlcparts SQLite,2026-09-05T12:46:37.806037+00:00
RC0805FR-071R78L,C482984,0805,YAGEO,jlcparts SQLite,2026-09-05T12:46:37.840037+00:00
RC0805FR-071R87L,C482989,0805,YAGEO,jlcparts SQLite,2026-09-05T12:46:37.876534+00:00
RC0805FR-071R96L,C482994,0805,YAGEO,jlcparts SQLite,2026-09-05T12:46:37.911534+00:00
RC0805FR-071RL,C131397,0805,YAGEO,jlcparts SQLite,2026-09-05T12:46:37.416043+00:00
RC0805FR-07205KL,C273860,0805,YAGEO,jlcparts SQLite,2026-09-05T12:46:37.968534+00:00
RC0805FR-07205RL,C483064,0805,YAGEO,jlcparts SQLite,2026-09-05T12:46:37.955534+00:00
RC0805FR-0720K5L,C276299,0805,YAGEO,jlcparts SQLite,2026-09-05T12:46:37.963534+00:00
RC0805FR-0720R5L,C273972,0805,YAGEO,jlcparts SQLite,2026-09-05T12:46:37.950535+00:00
RC0805FR-07215KL,C483067,0805,YAGEO,jlcparts SQLite,2026-09-05T12:46:38.002534+00:00
RC0805FR-07215RL,C483068,0805,YAGEO,jlcparts SQLite,2026-09-05T12:46:37.986534+00:00
RC0805FR-0721K5L,C137570,0805,YAGEO,jlcparts SQLite,2026-09-05T12:46:37.996534+00:00
RC0805FR-0721R5L,C483065,0805,YAGEO,jlcparts SQLite,2026-09-05T12:46:37.981534+00:00
RC0805FR-07226KL,C273989,0805,YAGEO,jlcparts SQLite,2026-09-05T12:46:38.038534+00:00
RC0805FR-07226RL,C327093,0805,YAGEO,jlcparts SQLite,2026-09-05T12:46:38.022534+00:00
RC0805FR-0722K6L,C137566,0805,YAGEO,jlcparts SQLite,2026-09-05T12:46:38.032533+00:00
RC0805FR-0722R6L,C273974,0805,YAGEO,jlcparts SQLite,2026-09-05T12:46:38.017535+00:00
RC0805FR-07237KL,C137565,0805,YAGEO,jlcparts SQLite,2026-09-05T12:46:38.074534+00:00
RC0805FR-07237RL,C273955,0805,YAGEO,jlcparts SQLite,2026-09-05T12:46:38.059534+00:00
RC0805FR-0723K7L,C309568,0805,YAGEO,jlcparts SQLite,2026-09-05T12:46:38.069534+00:00
RC0805FR-0723R7L,C309569,0805,YAGEO,jlcparts SQLite,2026-09-05T12:46:38.053534+00:00
RC0805FR-07249KL,C137563,0805,YAGEO,jlcparts SQLite,2026-09-05T12:46:38.110534+00:00
RC0805FR-07249RL,C276301,0805,YAGEO,jlcparts SQLite,2026-09-05T12:46:38.095535+00:00
RC0805FR-0724K9L,C155691,0805,YAGEO,jlcparts SQLite,2026-09-05T12:46:38.105542+00:00
RC0805FR-0724R9L,C273953,0805,YAGEO,jlcparts SQLite,2026-09-05T12:46:38.090535+00:00
RC0805FR-07261KL,C273966,0805,YAGEO,jlcparts SQLite,2026-09-05T12:46:38.144535+00:00
RC0805FR-07261RL,C309570,0805,YAGEO,jlcparts SQLite,2026-09-05T12:46:38.131534+00:00
RC0805FR-0726R1L,C273836,0805,YAGEO,jlcparts SQLite,2026-09-05T12:46:38.126534+00:00
RC0805FR-07274KL,C354261,0805,YAGEO,jlcparts SQLite,2026-09-05T12:46:38.180534+00:00
RC0805FR-07274RL,C273872,0805,YAGEO,jlcparts SQLite,2026-09-05T12:46:38.165534+00:00
RC0805FR-0727K4L,C483079,0805,YAGEO,jlcparts SQLite,2026-09-05T12:46:38.175535+00:00
RC0805FR-0727R4L,C483080,0805,YAGEO,jlcparts SQLite,2026-09-05T12:46:38.159540+00:00
RC0805FR-07287KL,C273973,0805,YAGEO,jlcparts SQLite,2026-09-05T12:46:38.217534+00:00
RC0805FR-07287RL,C483084,0805,YAGEO,jlcparts SQLite,2026-09-05T12:46:38.201544+00:00
RC0805FR-0728K7L,C273935,0805,YAGEO,jlcparts SQLite,2026-09-05T12:46:38.212534+00:00
RC0805FR-0728R7L,C483082,0805,YAGEO,jlcparts SQLite,2026-09-05T12:46:38.196534+00:00
RC0805FR-072K15L,C273808,0805,YAGEO,jlcparts SQLite,2026-09-05T12:46:37.991534+00:00
RC0805FR-072K26L,C276302,0805,YAGEO,jlcparts SQLite,2026-09-05T12:46:38.027541+00:00
RC0805FR-072K37L,C483041,0805,YAGEO,jlcparts SQLite,2026-09-05T12:46:38.064534+00:00
RC0805FR-072K49L,C185290,0805,YAGEO,jlcparts SQLite,2026-09-05T12:46:38.100534+00:00
RC0805FR-072K61L,C273965,0805,YAGEO,jlcparts SQLite,2026-09-05T12:46:38.136534+00:00
RC0805FR-072K74L,C137554,0805,YAGEO,jlcparts SQLite,2026-09-05T12:46:38.170534+00:00
RC0805FR-072K87L,C137553,0805,YAGEO,jlcparts SQLite,2026-09-05T12:46:38.207534+00:00
RC0805FR-072M15L,C483032,0805,YAGEO,jlcparts SQLite,2026-09-05T12:46:38.007535+00:00
RC0805FR-072M26L,C483037,0805,YAGEO,jlcparts SQLite,2026-09-05T12:46:38.043534+00:00
RC0805FR-072M37L,C483042,0805,YAGEO,jlcparts SQLite,2026-09-05T12:46:38.079541+00:00
RC0805FR-072M49L,C483046,0805,YAGEO,jlcparts SQLite,2026-09-05T12:46:38.116534+00:00
RC0805FR-072M61L,C483050,0805,YAGEO,jlcparts SQLite,2026-09-05T12:46:38.149533+00:00
RC0805FR-072M74L,C483055,0805,YAGEO,jlcparts SQLite,2026-09-05T12:46:38.185541+00:00
RC0805FR-072M87L,C483058,0805,YAGEO,jlcparts SQLite,2026-09-05T12:46:38.223535+00:00
RC0805FR-072R15L,C483033,0805,YAGEO,jlcparts SQLite,2026-09-05T12:46:37.976534+00:00
RC0805FR-072R26L,C483038,0805,YAGEO,jlcparts SQLite,2026-09-05T12:46:38.012534+00:00
RC0805FR-072R37L,C483043,0805,YAGEO,jlcparts SQLite,2026-09-05T12:46:38.048534+00:00
RC0805FR-072R49L,C483047,0805,YAGEO,jlcparts SQLite,2026-09-05T12:46:38.085534+00:00
RC0805FR-072R61L,C483051,0805,YAGEO,jlcparts SQLite,2026-09-05T12:46:38.121534+00:00
RC0805FR-072R74L,C483056,0805,YAGEO,jlcparts SQLite,2026-09-05T12:46:38.154541+00:00
RC0805FR-072R87L,C483059,0805,YAGEO,jlcparts SQLite,2026-09-05T12:46:38.191534+00:00
RC0805FR-07301KL,C137546,0805,YAGEO,jlcparts SQLite,2026-09-05T12:46:38.250534+00:00
RC0805FR-07301RL,C273814,0805,YAGEO,jlcparts SQLite,2026-09-05T12:46:38.236534+00:00
RC0805FR-0730K1L,C163407,0805,YAGEO,jlcparts SQLite,2026-09-05T12:46:38.244534+00:00
RC0805FR-0730R1L,C483113,0805,YAGEO,jlcparts SQLite,2026-09-05T12:46:38.231534+00:00
RC0805FR-07316KL,C483118,0805,YAGEO,jlcparts SQLite,2026-09-05T12:46:38.284534+00:00
RC0805FR-07316RL,C274010,0805,YAGEO,jlcparts SQLite,2026-09-05T12:46:38.268539+00:00
RC0805FR-0731K6L,C483116,0805,YAGEO,jlcparts SQLite,2026-09-05T12:46:38.279534+00:00
RC0805FR-0731R6L,C483117,0805,YAGEO,jlcparts SQLite,2026-09-05T12:46:38.263534+00:00
RC0805FR-07332KL,C137544,0805,YAGEO,jlcparts SQLite,2026-09-05T12:46:38.321534+00:00
RC0805FR-07332RL,C483121,0805,YAGEO,jlcparts SQLite,2026-09-05T12:46:38.305534+00:00
RC0805FR-0733K2L,C273830,0805,YAGEO,jlcparts SQLite,2026-09-05T12:46:38.316534+00:00
RC0805FR-0733R2L,C483120,0805,YAGEO,jlcparts SQLite,2026-09-05T12:46:38.300534+00:00
RC0805FR-07348KL,C137541,0805,YAGEO,jlcparts SQLite,2026-09-05T12:46:38.359534+00:00
RC0805FR-07348RL,C273881,0805,YAGEO,jlcparts SQLite,2026-09-05T12:46:38.342533+00:00
RC0805FR-0734K8L,C483123,0805,YAGEO,jlcparts SQLite,2026-09-05T12:46:38.353534+00:00
RC0805FR-0734R8L,C483124,0805,YAGEO,jlcparts SQLite,2026-09-05T12:46:38.337534+00:00
RC0805FR-07365KL,C273921,0805,YAGEO,jlcparts SQLite,2026-09-05T12:46:38.396541+00:00
RC0805FR-07365RL,C273924,0805,YAGEO,jlcparts SQLite,2026-09-05T12:46:38.381535+00:00
RC0805FR-0736K5L,C137537,0805,YAGEO,jlcparts SQLite,2026-09-05T12:46:38.391534+00:00
RC0805FR-0736R5L,C276303,0805,YAGEO,jlcparts SQLite,2026-09-05T12:46:38.375535+00:00
RC0805FR-07383KL,C483129,0805,YAGEO,jlcparts SQLite,2026-09-05T12:46:38.435553+00:00
RC0805FR-07383RL,C274367,0805,YAGEO,jlcparts SQLite,2026-09-05T12:46:38.418554+00:00
RC0805FR-0738K3L,C273970,0805,YAGEO,jlcparts SQLite,2026-09-05T12:46:38.429553+00:00
RC0805FR-0738R3L,C483128,0805,YAGEO,jlcparts SQLite,2026-09-05T12:46:38.413553+00:00
RC0805FR-073K16L,C273906,0805,YAGEO,jlcparts SQLite,2026-09-05T12:46:38.274534+00:00
RC0805FR-073K32L,C483094,0805,YAGEO,jlcparts SQLite,2026-09-05T12:46:38.310541+00:00
RC0805FR-073K48L,C274007,0805,YAGEO,jlcparts SQLite,2026-09-05T12:46:38.348535+00:00
RC0805FR-073K65L,C273936,0805,YAGEO,jlcparts SQLite,2026-09-05T12:46:38.386535+00:00
RC0805FR-073K83L,C483108,0805,YAGEO,jlcparts SQLite,2026-09-05T12:46:38.424553+00:00
RC0805FR-073M16L,C483091,0805,YAGEO,jlcparts SQLite,2026-09-05T12:46:38.289534+00:00
RC0805FR-073M32L,C483095,0805,YAGEO,jlcparts SQLite,2026-09-05T12:46:38.326535+00:00
RC0805FR-073M48L,C483097,0805,YAGEO,jlcparts SQLite,2026-09-05T12:46:38.364534+00:00
RC0805FR-073M65L,C483104,0805,YAGEO,jlcparts SQLite,2026-09-05T12:46:38.402534+00:00
RC0805FR-073M83L,C483109,0805,YAGEO,jlcparts SQLite,2026-09-05T12:46:38.440553+00:00
RC0805FR-073R16L,C274913,0805,YAGEO,jlcparts SQLite,2026-09-05T12:46:38.258534+00:00
RC0805FR-073R32L,C483096,0805,YAGEO,jlcparts SQLite,2026-09-05T12:46:38.294541+00:00
RC0805FR-073R48L,C483098,0805,YAGEO,jlcparts SQLite,2026-09-05T12:46:38.332534+00:00
RC0805FR-073R65L,C483105,0805,YAGEO,jlcparts SQLite,2026-09-05T12:46:38.369535+00:00
RC0805FR-073R83L,C483110,0805,YAGEO,jlcparts SQLite,2026-09-05T12:46:38.408024+00:00
RC0805FR-07402KL,C273845,0805,YAGEO,jlcparts SQLite,2026-09-05T12:46:38.468554+00:00
RC0805FR-07402RL,C483153,0805,YAGEO,jlcparts SQLite,2026-09-05T12:46:38.454553+00:00
RC0805FR-0740K2L,C273827,0805,YAGEO,jlcparts SQLite,2026-09-05T12:46:38.462552+00:00
RC0805FR-0740R2L,C273917,0805,YAGEO,jlcparts SQLite,2026-09-05T12:46:38.448553+00:00
RC0805FR-07422KL,C273967,0805,YAGEO,jlcparts SQLite,2026-09-05T12:46:38.504553+00:00
RC0805FR-07422RL,C274363,0805,YAGEO,jlcparts SQLite,2026-09-05T12:46:38.487553+00:00
RC0805FR-0742K2L,C483155,0805,YAGEO,jlcparts SQLite,2026-09-05T12:46:38.498559+00:00
RC0805FR-0742R2L,C483156,0805,YAGEO,jlcparts SQLite,2026-09-05T12:46:38.482553+00:00
RC0805FR-07442KL,C274003,0805,YAGEO,jlcparts SQLite,2026-09-05T12:46:38.542553+00:00
RC0805FR-07442RL,C483160,0805,YAGEO,jlcparts SQLite,2026-09-05T12:46:38.526553+00:00
RC0805FR-0744K2L,C273837,0805,YAGEO,jlcparts SQLite,2026-09-05T12:46:38.537553+00:00
RC0805FR-0744R2L,C483159,0805,YAGEO,jlcparts SQLite,2026-09-05T12:46:38.520554+00:00
RC0805FR-07464KL,C137522,0805,YAGEO,jlcparts SQLite,2026-09-05T12:46:38.581553+00:00
RC0805FR-07464RL,C483164,0805,YAGEO,jlcparts SQLite,2026-09-05T12:46:38.564553+00:00
RC0805FR-0746K4L,C483162,0805,YAGEO,jlcparts SQLite,2026-09-05T12:46:38.575553+00:00
RC0805FR-0746R4L,C483163,0805,YAGEO,jlcparts SQLite,2026-09-05T12:46:38.558559+00:00
RC0805FR-07487KL,C483167,0805,YAGEO,jlcparts SQLite,2026-09-05T12:46:38.620553+00:00
RC0805FR-07487RL,C273927,0805,YAGEO,jlcparts SQLite,2026-09-05T12:46:38.603553+00:00
RC0805FR-0748K7L,C163406,0805,YAGEO,jlcparts SQLite,2026-09-05T12:46:38.614553+00:00
RC0805FR-0748R7L,C483166,0805,YAGEO,jlcparts SQLite,2026-09-05T12:46:38.598553+00:00
RC0805FR-074K22L,C273912,0805,YAGEO,jlcparts SQLite,2026-09-05T12:46:38.493553+00:00
RC0805FR-074K42L,C273997,0805,YAGEO,jlcparts SQLite,2026-09-05T12:46:38.531559+00:00
RC0805FR-074K64L,C273995,0805,YAGEO,jlcparts SQLite,2026-09-05T12:46:38.569553+00:00
RC0805FR-074K87L,C412133,0805,YAGEO,jlcparts SQLite,2026-09-05T12:46:38.609554+00:00
RC0805FR-074M22L,C483137,0805,YAGEO,jlcparts SQLite,2026-09-05T12:46:38.509553+00:00
RC0805FR-074M42L,C483142,0805,YAGEO,jlcparts SQLite,2026-09-05T12:46:38.548553+00:00
RC0805FR-074M64L,C483146,0805,YAGEO,jlcparts SQLite,2026-09-05T12:46:38.587553+00:00
RC0805FR-074M87L,C483150,0805,YAGEO,jlcparts SQLite,2026-09-05T12:46:38.626553+00:00
RC0805FR-074R22L,C483138,0805,YAGEO,jlcparts SQLite,2026-09-05T12:46:38.476553+00:00
RC0805FR-074R42L,C483143,0805,YAGEO,jlcparts SQLite,2026-09-05T12:46:38.515553+00:00
RC0805FR-074R64L,C483147,0805,YAGEO,jlcparts SQLite,2026-09-05T12:46:38.553553+00:00
RC0805FR-074R87L,C483151,0805,YAGEO,jlcparts SQLite,2026-09-05T12:46:38.592553+00:00
RC0805FR-07511KL,C137511,0805,YAGEO,jlcparts SQLite,2026-09-05T12:46:38.660553+00:00
RC0805FR-07511RL,C273884,0805,YAGEO,jlcparts SQLite,2026-09-05T12:46:38.643553+00:00
RC0805FR-0751K1L,C276307,0805,YAGEO,jlcparts SQLite,2026-09-05T12:46:38.654553+00:00
RC0805FR-0751R1L,C273971,0805,YAGEO,jlcparts SQLite,2026-09-05T12:46:38.637553+00:00
RC0805FR-07536KL,C483184,0805,YAGEO,jlcparts SQLite,2026-09-05T12:46:38.701553+00:00
RC0805FR-07536RL,C273851,0805,YAGEO,jlcparts SQLite,2026-09-05T12:46:38.683553+00:00
RC0805FR-0753K6L,C273863,0805,YAGEO,jlcparts SQLite,2026-09-05T12:46:38.695553+00:00
RC0805FR-0753R6L,C276308,0805,YAGEO,jlcparts SQLite,2026-09-05T12:46:38.677553+00:00
RC0805FR-07562KL,C273858,0805,YAGEO,jlcparts SQLite,2026-09-05T12:46:38.741552+00:00
RC0805FR-07562RL,C273813,0805,YAGEO,jlcparts SQLite,2026-09-05T12:46:38.724554+00:00
RC0805FR-0756K2L,C483186,0805,YAGEO,jlcparts SQLite,2026-09-05T12:46:38.735553+00:00
RC0805FR-0756R2L,C137508,0805,YAGEO,jlcparts SQLite,2026-09-05T12:46:38.718553+00:00
RC0805FR-07590KL,C273947,0805,YAGEO,jlcparts SQLite,2026-09-05T12:46:38.781553+00:00
RC0805FR-07590RL,C273968,0805,YAGEO,jlcparts SQLite,2026-09-05T12:46:38.764553+00:00
RC0805FR-0759KL,C273824,0805,YAGEO,jlcparts SQLite,2026-09-05T12:46:38.775553+00:00
RC0805FR-0759RL,C273895,0805,YAGEO,jlcparts SQLite,2026-09-05T12:46:38.759553+00:00
RC0805FR-075K11L,C276311,0805,YAGEO,jlcparts SQLite,2026-09-05T12:46:38.649553+00:00
RC0805FR-075K36L,C273826,0805,YAGEO,jlcparts SQLite,2026-09-05T12:46:38.689553+00:00
RC0805FR-075K62L,C276312,0805,YAGEO,jlcparts SQLite,2026-09-05T12:46:38.730553+00:00
RC0805FR-075K9L,C163404,0805,YAGEO,jlcparts SQLite,2026-09-05T12:46:38.770553+00:00
RC0805FR-075M11L,C483168,0805,YAGEO,jlcparts SQLite,2026-09-05T12:46:38.666553+00:00
RC0805FR-075M36L,C483171,0805,YAGEO,jlcparts SQLite,2026-09-05T12:46:38.707553+00:00
RC0805FR-075M62L,C483175,0805,YAGEO,jlcparts SQLite,2026-09-05T12:46:38.747553+00:00
RC0805FR-075M9L,C483180,0805,YAGEO,jlcparts SQLite,2026-09-05T12:46:38.787552+00:00
RC0805FR-075R11L,C137505,0805,YAGEO,jlcparts SQLite,2026-09-05T12:46:38.631553+00:00
RC0805FR-075R36L,C483172,0805,YAGEO,jlcparts SQLite,2026-09-05T12:46:38.672553+00:00
RC0805FR-075R62L,C483176,0805,YAGEO,jlcparts SQLite,2026-09-05T12:46:38.712553+00:00
RC0805FR-075R9L,C483181,0805,YAGEO,jlcparts SQLite,2026-09-05T12:46:38.753552+00:00
RC0805FR-07619KL,C483207,0805,YAGEO,jlcparts SQLite,2026-09-05T12:46:38.821553+00:00
RC0805FR-07619RL,C273913,0805,YAGEO,jlcparts SQLite,2026-09-05T12:46:38.804553+00:00
RC0805FR-0761K9L,C137504,0805,YAGEO,jlcparts SQLite,2026-09-05T12:46:38.815553+00:00
RC0805FR-0761R9L,C483206,0805,YAGEO,jlcparts SQLite,2026-09-05T12:46:38.798552+00:00
RC0805FR-07649KL,C274369,0805,YAGEO,jlcparts SQLite,2026-09-05T12:46:38.861553+00:00
RC0805FR-07649RL,C273959,0805,YAGEO,jlcparts SQLite,2026-09-05T12:46:38.844553+00:00
RC0805FR-0764K9L,C273892,0805,YAGEO,jlcparts SQLite,2026-09-05T12:46:38.855553+00:00
RC0805FR-0764R9L,C483211,0805,YAGEO,jlcparts SQLite,2026-09-05T12:46:38.838552+00:00
RC0805FR-07681KL,C274368,0805,YAGEO,jlcparts SQLite,2026-09-05T12:46:38.901553+00:00
RC0805FR-07681RL,C483214,0805,YAGEO,jlcparts SQLite,2026-09-05T12:46:38.884553+00:00
RC0805FR-0768K1L,C483213,0805,YAGEO,jlcparts SQLite,2026-09-05T12:46:38.895553+00:00
RC0805FR-0768R1L,C309571,0805,YAGEO,jlcparts SQLite,2026-09-05T12:46:38.878553+00:00
RC0805FR-076K19L,C273937,0805,YAGEO,jlcparts SQLite,2026-09-05T12:46:38.810553+00:00
RC0805FR-076K49L,C273991,0805,YAGEO,jlcparts SQLite,2026-09-05T12:46:38.849563+00:00
RC0805FR-076K81L,C483200,0805,YAGEO,jlcparts SQLite,2026-09-05T12:46:38.889560+00:00
RC0805FR-076M19L,C483191,0805,YAGEO,jlcparts SQLite,2026-09-05T12:46:38.827553+00:00
RC0805FR-076M49L,C483196,0805,YAGEO,jlcparts SQLite,2026-09-05T12:46:38.866554+00:00
RC0805FR-076M81L,C483201,0805,YAGEO,jlcparts SQLite,2026-09-05T12:46:38.907553+00:00
RC0805FR-076R19L,C483192,0805,YAGEO,jlcparts SQLite,2026-09-05T12:46:38.793553+00:00
RC0805FR-076R49L,C483197,0805,YAGEO,jlcparts SQLite,2026-09-05T12:46:38.832553+00:00
RC0805FR-076R81L,C137493,0805,YAGEO,jlcparts SQLite,2026-09-05T12:46:38.872553+00:00
RC0805FR-07715KL,C483227,0805,YAGEO,jlcparts SQLite,2026-09-05T12:46:38.942553+00:00
RC0805FR-07715RL,C483228,0805,YAGEO,jlcparts SQLite,2026-09-05T12:46:38.924553+00:00
RC0805FR-0771K5L,C276313,0805,YAGEO,jlcparts SQLite,2026-09-05T12:46:38.936553+00:00
RC0805FR-0771R5L,C273987,0805,YAGEO,jlcparts SQLite,2026-09-05T12:46:38.918553+00:00
RC0805FR-07750KL,C141698,0805,YAGEO,jlcparts SQLite,2026-09-05T12:46:38.983553+00:00
RC0805FR-07750RL,C114546,0805,YAGEO,jlcparts SQLite,2026-09-05T12:46:38.965553+00:00
RC0805FR-0775KL,C137491,0805,YAGEO,jlcparts SQLite,2026-09-05T12:46:38.977553+00:00
RC0805FR-0775RL,C141697,0805,YAGEO,jlcparts SQLite,2026-09-05T12:46:38.959552+00:00
RC0805FR-07787KL,C273902,0805,YAGEO,jlcparts SQLite,2026-09-05T12:46:39.023554+00:00
RC0805FR-07787RL,C273900,0805,YAGEO,jlcparts SQLite,2026-09-05T12:46:39.006553+00:00
RC0805FR-0778K7L,C273861,0805,YAGEO,jlcparts SQLite,2026-09-05T12:46:39.017553+00:00
RC0805FR-0778R7L,C273978,0805,YAGEO,jlcparts SQLite,2026-09-05T12:46:39.000553+00:00
RC0805FR-077K15L,C274008,0805,YAGEO,jlcparts SQLite,2026-09-05T12:46:38.929559+00:00
RC0805FR-077K5L,C114547,0805,YAGEO,jlcparts SQLite,2026-09-05T12:46:38.971553+00:00
RC0805FR-077K87L,C273910,0805,YAGEO,jlcparts SQLite,2026-09-05T12:46:39.011553+00:00
RC0805FR-077M15L,C483217,0805,YAGEO,jlcparts SQLite,2026-09-05T12:46:38.948553+00:00
RC0805FR-077M5L,C483221,0805,YAGEO,jlcparts SQLite,2026-09-05T12:46:38.989553+00:00
RC0805FR-077M87L,C483225,0805,YAGEO,jlcparts SQLite,2026-09-05T12:46:39.029554+00:00
RC0805FR-077R15L,C483218,0805,YAGEO,jlcparts SQLite,2026-09-05T12:46:38.912560+00:00
RC0805FR-077R5L,C483222,0805,YAGEO,jlcparts SQLite,2026-09-05T12:46:38.953560+00:00
RC0805FR-077R87L,C483226,0805,YAGEO,jlcparts SQLite,2026-09-05T12:46:38.994553+00:00
RC0805FR-07825KL,C163403,0805,YAGEO,jlcparts SQLite,2026-09-05T12:46:39.065553+00:00
RC0805FR-07825RL,C273926,0805,YAGEO,jlcparts SQLite,2026-09-05T12:46:39.047553+00:00
RC0805FR-0782K5L,C276314,0805,YAGEO,jlcparts SQLite,2026-09-05T12:46:39.059553+00:00
RC0805FR-0782R5L,C273911,0805,YAGEO,jlcparts SQLite,2026-09-05T12:46:39.041554+00:00
RC0805FR-07866KL,C273939,0805,YAGEO,jlcparts SQLite,2026-09-05T12:46:39.108554+00:00
RC0805FR-07866RL,C483249,0805,YAGEO,jlcparts SQLite,2026-09-05T12:46:39.090554+00:00
RC0805FR-0786K6L,C137488,0805,YAGEO,jlcparts SQLite,2026-09-05T12:46:39.102553+00:00
RC0805FR-0786R6L,C483248,0805,YAGEO,jlcparts SQLite,2026-09-05T12:46:39.084554+00:00
RC0805FR-078K25L,C273938,0805,YAGEO,jlcparts SQLite,2026-09-05T12:46:39.053553+00:00
RC0805FR-078K66L,C137486,0805,YAGEO,jlcparts SQLite,2026-09-05T12:46:39.096554+00:00
RC0805FR-078M25L,C483236,0805,YAGEO,jlcparts SQLite,2026-09-05T12:46:39.071553+00:00
RC0805FR-078M66L,C483241,0805,YAGEO,jlcparts SQLite,2026-09-05T12:46:39.114554+00:00
RC0805FR-078R25L,C483237,0805,YAGEO,jlcparts SQLite,2026-09-05T12:46:39.036554+00:00
RC0805FR-078R66L,C483242,0805,YAGEO,jlcparts SQLite,2026-09-05T12:46:39.078554+00:00
RC0805FR-07909KL,C273856,0805,YAGEO,jlcparts SQLite,2026-09-05T12:46:39.144553+00:00
RC0805FR-07909RL,C483261,0805,YAGEO,jlcparts SQLite,2026-09-05T12:46:39.129553+00:00
RC0805FR-0790K9L,C274005,0805,YAGEO,jlcparts SQLite,2026-09-05T12:46:39.138553+00:00
RC0805FR-0790R9L,C273831,0805,YAGEO,jlcparts SQLite,2026-09-05T12:46:39.123553+00:00
RC0805FR-07953KL,C483265,0805,YAGEO,jlcparts SQLite,2026-09-05T12:46:39.182553+00:00
RC0805FR-07953RL,C273843,0805,YAGEO,jlcparts SQLite,2026-09-05T12:46:39.165553+00:00
RC0805FR-0795K3L,C273969,0805,YAGEO,jlcparts SQLite,2026-09-05T12:46:39.176553+00:00
RC0805FR-0795R3L,C273803,0805,YAGEO,jlcparts SQLite,2026-09-05T12:46:39.159553+00:00
RC0805FR-079K53L,C137481,0805,YAGEO,jlcparts SQLite,2026-09-05T12:46:39.170552+00:00
RC0805FR-079M53L,C483257,0805,YAGEO,jlcparts SQLite,2026-09-05T12:46:39.188553+00:00
RC0805FR-079R53L,C483258,0805,YAGEO,jlcparts SQLite,2026-09-05T12:46:39.153553+00:00
RC1206FR-070RL,C137394,1206,YAGEO,jlcparts SQLite,2026-09-05T12:46:39.194553+00:00
RC1206FR-07100KL,C137393,1206,YAGEO,jlcparts SQLite,2026-09-05T12:46:39.229553+00:00
RC1206FR-07100RL,C137392,1206,YAGEO,jlcparts SQLite,2026-09-05T12:46:39.211554+00:00
RC1206FR-07105KL,C488616,1206,YAGEO,jlcparts SQLite,2026-09-05T12:46:39.280553+00:00
RC1206FR-07105RL,C488617,1206,YAGEO,jlcparts SQLite,2026-09-05T12:46:39.260554+00:00
RC1206FR-0710K5L,C274092,1206,YAGEO,jlcparts SQLite,2026-09-05T12:46:39.273554+00:00
RC1206FR-0710KL,C132649,1206,YAGEO,jlcparts SQLite,2026-09-05T12:46:39.223554+00:00
RC1206FR-0710ML,C275643,1206,YAGEO,jlcparts SQLite,2026-09-05T12:46:39.241554+00:00
RC1206FR-0710R5L,C488611,1206,YAGEO,jlcparts SQLite,2026-09-05T12:46:39.253553+00:00
RC1206FR-0710RL,C108080,1206,YAGEO,jlcparts SQLite,2026-09-05T12:46:39.205553+00:00
RC1206FR-07110KL,C246043,1206,YAGEO,jlcparts SQLite,2026-09-05T12:46:39.321553+00:00
RC1206FR-07110RL,C274039,1206,YAGEO,jlcparts SQLite,2026-09-05T12:46:39.304553+00:00
RC1206FR-07115KL,C488624,1206,YAGEO,jlcparts SQLite,2026-09-05T12:46:39.363553+00:00
RC1206FR-07115RL,C274053,1206,YAGEO,jlcparts SQLite,2026-09-05T12:46:39.345553+00:00
RC1206FR-0711K5L,C137391,1206,YAGEO,jlcparts SQLite,2026-09-05T12:46:39.357553+00:00
RC1206FR-0711KL,C246044,1206,YAGEO,jlcparts SQLite,2026-09-05T12:46:39.315553+00:00
RC1206FR-0711R5L,C488621,1206,YAGEO,jlcparts SQLite,2026-09-05T12:46:39.339554+00:00
RC1206FR-0711RL,C246045,1206,YAGEO,jlcparts SQLite,2026-09-05T12:46:39.298553+00:00
RC1206FR-07120KL,C163387,1206,YAGEO,jlcparts SQLite,2026-09-05T12:47:22.353181+00:00
RC1206FR-07120RL,C114928,1206,YAGEO,jlcparts SQLite,2026-09-05T12:47:22.049180+00:00
RC1206FR-07121KL,C488631,1206,YAGEO,jlcparts SQLite,2026-09-05T12:47:19.835746+00:00
RC1206FR-07121RL,C274032,1206,YAGEO,jlcparts SQLite,2026-09-05T12:47:19.824746+00:00
RC1206FR-07127KL,C488634,1206,YAGEO,jlcparts SQLite,2026-09-05T12:47:19.863754+00:00
RC1206FR-07127RL,C488635,1206,YAGEO,jlcparts SQLite,2026-09-05T12:47:19.851746+00:00
RC1206FR-0712K1L,C488627,1206,YAGEO,jlcparts SQLite,2026-09-05T12:47:19.831754+00:00
RC1206FR-0712K7L,C274058,1206,YAGEO,jlcparts SQLite,2026-09-05T12:47:19.859748+00:00
RC1206FR-0712KL,C114930,1206,YAGEO,jlcparts SQLite,2026-09-05T12:47:22.250180+00:00
RC1206FR-0712R1L,C488628,1206,YAGEO,jlcparts SQLite,2026-09-05T12:47:19.820753+00:00
RC1206FR-0712R7L,C488630,1206,YAGEO,jlcparts SQLite,2026-09-05T12:47:19.847747+00:00
RC1206FR-0712RL,C185266,1206,YAGEO,jlcparts SQLite,2026-09-05T12:47:21.948180+00:00
RC1206FR-07130KL,C488639,1206,YAGEO,jlcparts SQLite,2026-09-05T12:47:22.358180+00:00
RC1206FR-07130RL,C137390,1206,YAGEO,jlcparts SQLite,2026-09-05T12:47:22.054180+00:00
RC1206FR-07133KL,C163386,1206,YAGEO,jlcparts SQLite,2026-09-05T12:47:19.891746+00:00
RC1206FR-07133RL,C274074,1206,YAGEO,jlcparts SQLite,2026-09-05T12:47:19.879746+00:00
RC1206FR-0713K3L,C274087,1206,YAGEO,jlcparts SQLite,2026-09-05T12:47:19.887747+00:00
RC1206FR-0713KL,C488643,1206,YAGEO,jlcparts SQLite,2026-09-05T12:47:22.254180+00:00
RC1206FR-0713R3L,C488636,1206,YAGEO,jlcparts SQLite,2026-09-05T12:47:19.875746+00:00
RC1206FR-0713RL,C488645,1206,YAGEO,jlcparts SQLite,2026-09-05T12:47:21.952180+00:00
RC1206FR-07140KL,C488650,1206,YAGEO,jlcparts SQLite,2026-09-05T12:47:19.918747+00:00
RC1206FR-07140RL,C137389,1206,YAGEO,jlcparts SQLite,2026-09-05T12:47:19.906746+00:00
RC1206FR-07147KL,C488652,1206,YAGEO,jlcparts SQLite,2026-09-05T12:47:19.946747+00:00
RC1206FR-07147RL,C488653,1206,YAGEO,jlcparts SQLite,2026-09-05T12:47:19.934747+00:00
RC1206FR-0714K7L,C488648,1206,YAGEO,jlcparts SQLite,2026-09-05T12:47:19.942747+00:00
RC1206FR-0714KL,C274085,1206,YAGEO,jlcparts SQLite,2026-09-05T12:47:19.914747+00:00
RC1206FR-0714R7L,C488649,1206,YAGEO,jlcparts SQLite,2026-09-05T12:47:19.930746+00:00
RC1206FR-0714RL,C488654,1206,YAGEO,jlcparts SQLite,2026-09-05T12:47:19.902747+00:00
RC1206FR-07150KL,C114931,1206,YAGEO,jlcparts SQLite,2026-09-05T12:47:22.363181+00:00
RC1206FR-07150RL,C137387,1206,YAGEO,jlcparts SQLite,2026-09-05T12:47:22.059180+00:00
RC1206FR-07154KL,C488658,1206,YAGEO,jlcparts SQLite,2026-09-05T12:47:19.974747+00:00
RC1206FR-07154RL,C274043,1206,YAGEO,jlcparts SQLite,2026-09-05T12:47:19.962747+00:00
RC1206FR-0715K4L,C488655,1206,YAGEO,jlcparts SQLite,2026-09-05T12:47:19.970746+00:00
RC1206FR-0715KL,C114932,1206,YAGEO,jlcparts SQLite,2026-09-05T12:47:22.260180+00:00
RC1206FR-0715R4L,C274035,1206,YAGEO,jlcparts SQLite,2026-09-05T12:47:19.958746+00:00
RC1206FR-0715RL,C137386,1206,YAGEO,jlcparts SQLite,2026-09-05T12:47:21.957180+00:00
RC1206FR-07160KL,C246046,1206,YAGEO,jlcparts SQLite,2026-09-05T12:47:22.368181+00:00
RC1206FR-07160RL,C137385,1206,YAGEO,jlcparts SQLite,2026-09-05T12:47:22.064180+00:00
RC1206FR-07162KL,C488665,1206,YAGEO,jlcparts SQLite,2026-09-05T12:47:20.002747+00:00
RC1206FR-07162RL,C488666,1206,YAGEO,jlcparts SQLite,2026-09-05T12:47:19.990753+00:00
RC1206FR-07169KL,C488668,1206,YAGEO,jlcparts SQLite,2026-09-05T12:47:20.030747+00:00
RC1206FR-07169RL,C488669,1206,YAGEO,jlcparts SQLite,2026-09-05T12:47:20.018746+00:00
RC1206FR-0716K2L,C488661,1206,YAGEO,jlcparts SQLite,2026-09-05T12:47:19.998747+00:00
RC1206FR-0716K9L,C137384,1206,YAGEO,jlcparts SQLite,2026-09-05T12:47:20.026746+00:00
RC1206FR-0716KL,C137383,1206,YAGEO,jlcparts SQLite,2026-09-05T12:47:22.264180+00:00
RC1206FR-0716R2L,C488662,1206,YAGEO,jlcparts SQLite,2026-09-05T12:47:19.986746+00:00
RC1206FR-0716R9L,C488664,1206,YAGEO,jlcparts SQLite,2026-09-05T12:47:20.014747+00:00
RC1206FR-0716RL,C137382,1206,YAGEO,jlcparts SQLite,2026-09-05T12:47:21.962182+00:00
RC1206FR-07178KL,C488674,1206,YAGEO,jlcparts SQLite,2026-09-05T12:47:20.058747+00:00
RC1206FR-07178RL,C488675,1206,YAGEO,jlcparts SQLite,2026-09-05T12:47:20.046747+00:00
RC1206FR-0717K8L,C488672,1206,YAGEO,jlcparts SQLite,2026-09-05T12:47:20.054747+00:00
RC1206FR-0717R8L,C488673,1206,YAGEO,jlcparts SQLite,2026-09-05T12:47:20.042747+00:00
RC1206FR-07180KL,C137381,1206,YAGEO,jlcparts SQLite,2026-09-05T12:47:22.373180+00:00
RC1206FR-07180RL,C137380,1206,YAGEO,jlcparts SQLite,2026-09-05T12:47:22.069180+00:00
RC1206FR-07187KL,C488678,1206,YAGEO,jlcparts SQLite,2026-09-05T12:47:20.086747+00:00
RC1206FR-07187RL,C488679,1206,YAGEO,jlcparts SQLite,2026-09-05T12:47:20.074763+00:00
RC1206FR-0718K7L,C274034,1206,YAGEO,jlcparts SQLite,2026-09-05T12:47:20.082746+00:00
RC1206FR-0718KL,C137379,1206,YAGEO,jlcparts SQLite,2026-09-05T12:47:22.269180+00:00
RC1206FR-0718R7L,C274069,1206,YAGEO,jlcparts SQLite,2026-09-05T12:47:20.070748+00:00
RC1206FR-0718RL,C137378,1206,YAGEO,jlcparts SQLite,2026-09-05T12:47:21.967187+00:00
RC1206FR-07196KL,C488687,1206,YAGEO,jlcparts SQLite,2026-09-05T12:47:20.114746+00:00
RC1206FR-07196RL,C488688,1206,YAGEO,jlcparts SQLite,2026-09-05T12:47:20.102747+00:00
RC1206FR-0719K6L,C488683,1206,YAGEO,jlcparts SQLite,2026-09-05T12:47:20.110753+00:00
RC1206FR-0719R6L,C488684,1206,YAGEO,jlcparts SQLite,2026-09-05T12:47:20.098753+00:00
RC1206FR-071K15L,C327255,1206,YAGEO,jlcparts SQLite,2026-09-05T12:46:39.351553+00:00
RC1206FR-071K1L,C137377,1206,YAGEO,jlcparts SQLite,2026-09-05T12:46:39.309552+00:00
RC1206FR-071K21L,C274030,1206,YAGEO,jlcparts SQLite,2026-09-05T12:47:19.827753+00:00
RC1206FR-071K27L,C488570,1206,YAGEO,jlcparts SQLite,2026-09-05T12:47:19.855746+00:00
RC1206FR-071K2L,C185265,1206,YAGEO,jlcparts SQLite,2026-09-05T12:47:22.151179+00:00
RC1206FR-071K33L,C488573,1206,YAGEO,jlcparts SQLite,2026-09-05T12:47:19.883747+00:00
RC1206FR-071K3L,C185264,1206,YAGEO,jlcparts SQLite,2026-09-05T12:47:22.156181+00:00
RC1206FR-071K47L,C274083,1206,YAGEO,jlcparts SQLite,2026-09-05T12:47:19.938746+00:00
RC1206FR-071K4L,C137375,1206,YAGEO,jlcparts SQLite,2026-09-05T12:47:19.910746+00:00
RC1206FR-071K54L,C488583,1206,YAGEO,jlcparts SQLite,2026-09-05T12:47:19.966748+00:00
RC1206FR-071K5L,C114929,1206,YAGEO,jlcparts SQLite,2026-09-05T12:46:39.267553+00:00
RC1206FR-071K62L,C488586,1206,YAGEO,jlcparts SQLite,2026-09-05T12:47:19.994747+00:00
RC1206FR-071K69L,C274077,1206,YAGEO,jlcparts SQLite,2026-09-05T12:47:20.022747+00:00
RC1206FR-071K6L,C246047,1206,YAGEO,jlcparts SQLite,2026-09-05T12:47:22.161187+00:00
RC1206FR-071K78L,C488595,1206,YAGEO,jlcparts SQLite,2026-09-05T12:47:20.050747+00:00
RC1206FR-071K87L,C488600,1206,YAGEO,jlcparts SQLite,2026-09-05T12:47:20.078747+00:00
RC1206FR-071K8L,C137372,1206,YAGEO,jlcparts SQLite,2026-09-05T12:47:22.166180+00:00
RC1206FR-071K96L,C137371,1206,YAGEO,jlcparts SQLite,2026-09-05T12:47:20.106746+00:00
RC1206FR-071KL,C131398,1206,YAGEO,jlcparts SQLite,2026-09-05T12:46:39.217553+00:00
RC1206FR-071M15L,C488561,1206,YAGEO,jlcparts SQLite,2026-09-05T12:47:19.812746+00:00
RC1206FR-071M1L,C137370,1206,YAGEO,jlcparts SQLite,2026-09-05T12:46:39.327553+00:00
RC1206FR-071M21L,C488566,1206,YAGEO,jlcparts SQLite,2026-09-05T12:47:19.839747+00:00
RC1206FR-071M27L,C488571,1206,YAGEO,jlcparts SQLite,2026-09-05T12:47:19.867754+00:00
RC1206FR-071M2L,C137369,1206,YAGEO,jlcparts SQLite,2026-09-05T12:47:22.461180+00:00
RC1206FR-071M33L,C488574,1206,YAGEO,jlcparts SQLite,2026-09-05T12:47:19.894746+00:00
RC1206FR-071M3L,C488579,1206,YAGEO,jlcparts SQLite,2026-09-05T12:47:22.467181+00:00
RC1206FR-071M47L,C274916,1206,YAGEO,jlcparts SQLite,2026-09-05T12:47:19.950747+00:00
RC1206FR-071M4L,C488582,1206,YAGEO,jlcparts SQLite,2026-09-05T12:47:19.922746+00:00
RC1206FR-071M54L,C326915,1206,YAGEO,jlcparts SQLite,2026-09-05T12:47:19.978753+00:00
RC1206FR-071M5L,C137367,1206,YAGEO,jlcparts SQLite,2026-09-05T12:46:39.286553+00:00
RC1206FR-071M62L,C488587,1206,YAGEO,jlcparts SQLite,2026-09-05T12:47:20.006747+00:00
RC1206FR-071M69L,C488591,1206,YAGEO,jlcparts SQLite,2026-09-05T12:47:20.034746+00:00
RC1206FR-071M6L,C137366,1206,YAGEO,jlcparts SQLite,2026-09-05T12:47:22.472179+00:00
RC1206FR-071M78L,C488596,1206,YAGEO,jlcparts SQLite,2026-09-05T12:47:20.062747+00:00
RC1206FR-071M87L,C488601,1206,YAGEO,jlcparts SQLite,2026-09-05T12:47:20.090747+00:00
RC1206FR-071M8L,C137365,1206,YAGEO,jlcparts SQLite,2026-09-05T12:47:22.477181+00:00
RC1206FR-071M96L,C488607,1206,YAGEO,jlcparts SQLite,2026-09-05T12:47:20.118746+00:00
RC1206FR-071ML,C108083,1206,YAGEO,jlcparts SQLite,2026-09-05T12:46:39.235555+00:00
RC1206FR-071R15L,C488562,1206,YAGEO,jlcparts SQLite,2026-09-05T12:46:39.333553+00:00
RC1206FR-071R1L,C137364,1206,YAGEO,jlcparts SQLite,2026-09-05T12:46:39.292553+00:00
RC1206FR-071R21L,C488567,1206,YAGEO,jlcparts SQLite,2026-09-05T12:47:19.816748+00:00
RC1206FR-071R27L,C488572,1206,YAGEO,jlcparts SQLite,2026-09-05T12:47:19.843747+00:00
RC1206FR-071R2L,C137363,1206,YAGEO,jlcparts SQLite,2026-09-05T12:47:21.856187+00:00
RC1206FR-071R33L,C488575,1206,YAGEO,jlcparts SQLite,2026-09-05T12:47:19.871747+00:00
RC1206FR-071R3L,C137362,1206,YAGEO,jlcparts SQLite,2026-09-05T12:47:21.860180+00:00
RC1206FR-071R47L,C488581,1206,YAGEO,jlcparts SQLite,2026-09-05T12:47:19.926746+00:00
RC1206FR-071R4L,C309574,1206,YAGEO,jlcparts SQLite,2026-09-05T12:47:19.898746+00:00
RC1206FR-071R54L,C488584,1206,YAGEO,jlcparts SQLite,2026-09-05T12:47:19.954746+00:00
RC1206FR-071R5L,C137360,1206,YAGEO,jlcparts SQLite,2026-09-05T12:46:39.247553+00:00
RC1206FR-071R62L,C137359,1206,YAGEO,jlcparts SQLite,2026-09-05T12:47:19.982747+00:00
RC1206FR-071R69L,C488592,1206,YAGEO,jlcparts SQLite,2026-09-05T12:47:20.010747+00:00
RC1206FR-071R6L,C137358,1206,YAGEO,jlcparts SQLite,2026-09-05T12:47:21.865180+00:00
RC1206FR-071R78L,C488597,1206,YAGEO,jlcparts SQLite,2026-09-05T12:47:20.038753+00:00
RC1206FR-071R87L,C488602,1206,YAGEO,jlcparts SQLite,2026-09-05T12:47:20.066747+00:00
RC1206FR-071R8L,C137356,1206,YAGEO,jlcparts SQLite,2026-09-05T12:47:21.870180+00:00
RC1206FR-071R96L,C488608,1206,YAGEO,jlcparts SQLite,2026-09-05T12:47:20.094746+00:00
RC1206FR-071RL,C137355,1206,YAGEO,jlcparts SQLite,2026-09-05T12:46:39.199554+00:00
RC1206FR-07200KL,C114937,1206,YAGEO,jlcparts SQLite,2026-09-05T12:47:22.378180+00:00
RC1206FR-07200RL,C114939,1206,YAGEO,jlcparts SQLite,2026-09-05T12:47:22.074180+00:00
RC1206FR-07205KL,C488729,1206,YAGEO,jlcparts SQLite,2026-09-05T12:47:20.137609+00:00
RC1206FR-07205RL,C137354,1206,YAGEO,jlcparts SQLite,2026-09-05T12:47:20.128575+00:00
RC1206FR-0720K5L,C488727,1206,YAGEO,jlcparts SQLite,2026-09-05T12:47:20.133609+00:00
RC1206FR-0720KL,C114940,1206,YAGEO,jlcparts SQLite,2026-09-05T12:47:22.274180+00:00
RC1206FR-0720R5L,C488728,1206,YAGEO,jlcparts SQLite,2026-09-05T12:47:20.124305+00:00
RC1206FR-0720RL,C114941,1206,YAGEO,jlcparts SQLite,2026-09-05T12:47:21.972180+00:00
RC1206FR-07215KL,C159832,1206,YAGEO,jlcparts SQLite,2026-09-05T12:47:20.162607+00:00
RC1206FR-07215RL,C488734,1206,YAGEO,jlcparts SQLite,2026-09-05T12:47:20.150609+00:00
RC1206FR-0721K5L,C488731,1206,YAGEO,jlcparts SQLite,2026-09-05T12:47:20.158615+00:00
RC1206FR-0721R5L,C274062,1206,YAGEO,jlcparts SQLite,2026-09-05T12:47:20.146608+00:00
RC1206FR-07220KL,C130275,1206,YAGEO,jlcparts SQLite,2026-09-05T12:47:22.383181+00:00
RC1206FR-07220RL,C137353,1206,YAGEO,jlcparts SQLite,2026-09-05T12:47:22.078180+00:00
RC1206FR-07226KL,C274075,1206,YAGEO,jlcparts SQLite,2026-09-05T12:47:20.191615+00:00
RC1206FR-07226RL,C488741,1206,YAGEO,jlcparts SQLite,2026-09-05T12:47:20.179615+00:00
RC1206FR-0722K6L,C488739,1206,YAGEO,jlcparts SQLite,2026-09-05T12:47:20.187608+00:00
RC1206FR-0722KL,C114942,1206,YAGEO,jlcparts SQLite,2026-09-05T12:47:22.279189+00:00
RC1206FR-0722R6L,C488740,1206,YAGEO,jlcparts SQLite,2026-09-05T12:47:20.175608+00:00
RC1206FR-0722RL,C114943,1206,YAGEO,jlcparts SQLite,2026-09-05T12:47:21.977180+00:00
RC1206FR-07237KL,C488747,1206,YAGEO,jlcparts SQLite,2026-09-05T12:47:20.220615+00:00
RC1206FR-07237RL,C274070,1206,YAGEO,jlcparts SQLite,2026-09-05T12:47:20.207608+00:00
RC1206FR-0723K7L,C488744,1206,YAGEO,jlcparts SQLite,2026-09-05T12:47:20.216609+00:00
RC1206FR-0723R7L,C488745,1206,YAGEO,jlcparts SQLite,2026-09-05T12:47:20.203615+00:00
RC1206FR-07240KL,C137351,1206,YAGEO,jlcparts SQLite,2026-09-05T12:47:22.388180+00:00
RC1206FR-07240RL,C137350,1206,YAGEO,jlcparts SQLite,2026-09-05T12:47:22.083181+00:00
RC1206FR-07249KL,C137349,1206,YAGEO,jlcparts SQLite,2026-09-05T12:47:20.249608+00:00
RC1206FR-07249RL,C488750,1206,YAGEO,jlcparts SQLite,2026-09-05T12:47:20.236608+00:00
RC1206FR-0724K9L,C137348,1206,YAGEO,jlcparts SQLite,2026-09-05T12:47:20.245615+00:00
RC1206FR-0724KL,C163384,1206,YAGEO,jlcparts SQLite,2026-09-05T12:47:22.284180+00:00
RC1206FR-0724R9L,C163383,1206,YAGEO,jlcparts SQLite,2026-09-05T12:47:20.232608+00:00
RC1206FR-0724RL,C163382,1206,YAGEO,jlcparts SQLite,2026-09-05T12:47:21.981180+00:00
RC1206FR-07261KL,C488758,1206,YAGEO,jlcparts SQLite,2026-09-05T12:47:20.277608+00:00
RC1206FR-07261RL,C137345,1206,YAGEO,jlcparts SQLite,2026-09-05T12:47:20.265608+00:00
RC1206FR-0726K1L,C488754,1206,YAGEO,jlcparts SQLite,2026-09-05T12:47:20.273608+00:00
RC1206FR-0726R1L,C488755,1206,YAGEO,jlcparts SQLite,2026-09-05T12:47:20.261615+00:00
RC1206FR-07270KL,C137342,1206,YAGEO,jlcparts SQLite,2026-09-05T12:47:22.394182+00:00
RC1206FR-07270RL,C137341,1206,YAGEO,jlcparts SQLite,2026-09-05T12:47:22.088187+00:00
RC1206FR-07274KL,C488760,1206,YAGEO,jlcparts SQLite,2026-09-05T12:47:20.306615+00:00
RC1206FR-07274RL,C274027,1206,YAGEO,jlcparts SQLite,2026-09-05T12:47:20.293615+00:00
RC1206FR-0727K4L,C488759,1206,YAGEO,jlcparts SQLite,2026-09-05T12:47:20.302607+00:00
RC1206FR-0727KL,C137340,1206,YAGEO,jlcparts SQLite,2026-09-05T12:47:22.289180+00:00
RC1206FR-0727R4L,C274044,1206,YAGEO,jlcparts SQLite,2026-09-05T12:47:20.289608+00:00
RC1206FR-0727RL,C137339,1206,YAGEO,jlcparts SQLite,2026-09-05T12:47:21.986181+00:00
RC1206FR-07287KL,C274059,1206,YAGEO,jlcparts SQLite,2026-09-05T12:47:20.334608+00:00
RC1206FR-07287RL,C488764,1206,YAGEO,jlcparts SQLite,2026-09-05T12:47:20.322608+00:00
RC1206FR-0728K7L,C274056,1206,YAGEO,jlcparts SQLite,2026-09-05T12:47:20.330615+00:00
RC1206FR-0728R7L,C488762,1206,YAGEO,jlcparts SQLite,2026-09-05T12:47:20.318615+00:00
RC1206FR-072K15L,C488691,1206,YAGEO,jlcparts SQLite,2026-09-05T12:47:20.154616+00:00
RC1206FR-072K26L,C488698,1206,YAGEO,jlcparts SQLite,2026-09-05T12:47:20.183615+00:00
RC1206FR-072K2L,C114933,1206,YAGEO,jlcparts SQLite,2026-09-05T12:47:22.176187+00:00
RC1206FR-072K37L,C137334,1206,YAGEO,jlcparts SQLite,2026-09-05T12:47:20.211608+00:00
RC1206FR-072K49L,C137332,1206,YAGEO,jlcparts SQLite,2026-09-05T12:47:20.240608+00:00
RC1206FR-072K4L,C137331,1206,YAGEO,jlcparts SQLite,2026-09-05T12:47:22.181180+00:00
RC1206FR-072K61L,C488711,1206,YAGEO,jlcparts SQLite,2026-09-05T12:47:20.269616+00:00
RC1206FR-072K74L,C488717,1206,YAGEO,jlcparts SQLite,2026-09-05T12:47:20.298608+00:00
RC1206FR-072K7L,C137330,1206,YAGEO,jlcparts SQLite,2026-09-05T12:47:22.186180+00:00
RC1206FR-072K87L,C488720,1206,YAGEO,jlcparts SQLite,2026-09-05T12:47:20.326608+00:00
RC1206FR-072KL,C133543,1206,YAGEO,jlcparts SQLite,2026-09-05T12:47:22.171180+00:00
RC1206FR-072M15L,C488692,1206,YAGEO,jlcparts SQLite,2026-09-05T12:47:20.166608+00:00
RC1206FR-072M26L,C488699,1206,YAGEO,jlcparts SQLite,2026-09-05T12:47:20.195615+00:00
RC1206FR-072M2L,C137329,1206,YAGEO,jlcparts SQLite,2026-09-05T12:47:22.487187+00:00
RC1206FR-072M37L,C488703,1206,YAGEO,jlcparts SQLite,2026-09-05T12:47:20.224608+00:00
RC1206FR-072M49L,C488707,1206,YAGEO,jlcparts SQLite,2026-09-05T12:47:20.253608+00:00
RC1206FR-072M4L,C309576,1206,YAGEO,jlcparts SQLite,2026-09-05T12:47:22.492187+00:00
RC1206FR-072M61L,C488712,1206,YAGEO,jlcparts SQLite,2026-09-05T12:47:20.281608+00:00
RC1206FR-072M74L,C488718,1206,YAGEO,jlcparts SQLite,2026-09-05T12:47:20.310615+00:00
RC1206FR-072M7L,C246048,1206,YAGEO,jlcparts SQLite,2026-09-05T12:47:22.497181+00:00
RC1206FR-072M87L,C488721,1206,YAGEO,jlcparts SQLite,2026-09-05T12:47:20.338608+00:00
RC1206FR-072ML,C137328,1206,YAGEO,jlcparts SQLite,2026-09-05T12:47:22.482188+00:00
RC1206FR-072R15L,C488693,1206,YAGEO,jlcparts SQLite,2026-09-05T12:47:20.142615+00:00
RC1206FR-072R26L,C488700,1206,YAGEO,jlcparts SQLite,2026-09-05T12:47:20.171608+00:00
RC1206FR-072R2L,C137327,1206,YAGEO,jlcparts SQLite,2026-09-05T12:47:21.876180+00:00
RC1206FR-072R37L,C488704,1206,YAGEO,jlcparts SQLite,2026-09-05T12:47:20.199608+00:00
RC1206FR-072R49L,C137326,1206,YAGEO,jlcparts SQLite,2026-09-05T12:47:20.228609+00:00
RC1206FR-072R4L,C163380,1206,YAGEO,jlcparts SQLite,2026-09-05T12:47:21.881180+00:00
RC1206FR-072R61L,C488713,1206,YAGEO,jlcparts SQLite,2026-09-05T12:47:20.257608+00:00
RC1206FR-072R74L,C488719,1206,YAGEO,jlcparts SQLite,2026-09-05T12:47:20.285608+00:00
RC1206FR-072R7L,C137325,1206,YAGEO,jlcparts SQLite,2026-09-05T12:47:21.885188+00:00
RC1206FR-072R87L,C137324,1206,YAGEO,jlcparts SQLite,2026-09-05T12:47:20.314608+00:00
RC1206FR-07300KL,C191172,1206,YAGEO,jlcparts SQLite,2026-09-05T12:47:22.399181+00:00
RC1206FR-07300RL,C137315,1206,YAGEO,jlcparts SQLite,2026-09-05T12:47:22.093180+00:00
RC1206FR-07301KL,C488795,1206,YAGEO,jlcparts SQLite,2026-09-05T12:47:20.357608+00:00
RC1206FR-07301RL,C163379,1206,YAGEO,jlcparts SQLite,2026-09-05T12:47:20.348608+00:00
RC1206FR-0730K1L,C274029,1206,YAGEO,jlcparts SQLite,2026-09-05T12:47:20.353608+00:00
RC1206FR-0730KL,C137314,1206,YAGEO,jlcparts SQLite,2026-09-05T12:47:22.294187+00:00
RC1206FR-0730R1L,C274028,1206,YAGEO,jlcparts SQLite,2026-09-05T12:47:20.344608+00:00
RC1206FR-0730RL,C137313,1206,YAGEO,jlcparts SQLite,2026-09-05T12:47:21.991180+00:00
RC1206FR-07316KL,C274060,1206,YAGEO,jlcparts SQLite,2026-09-05T12:47:20.383608+00:00
RC1206FR-07316RL,C274100,1206,YAGEO,jlcparts SQLite,2026-09-05T12:47:20.371608+00:00
RC1206FR-0731K6L,C488798,1206,YAGEO,jlcparts SQLite,2026-09-05T12:47:20.379608+00:00
RC1206FR-0731R6L,C488799,1206,YAGEO,jlcparts SQLite,2026-09-05T12:47:20.367608+00:00
RC1206FR-07330KL,C137312,1206,YAGEO,jlcparts SQLite,2026-09-05T12:47:22.404180+00:00
RC1206FR-07330RL,C114944,1206,YAGEO,jlcparts SQLite,2026-09-05T12:47:22.098187+00:00
RC1206FR-07332KL,C137311,1206,YAGEO,jlcparts SQLite,2026-09-05T12:47:20.413608+00:00
RC1206FR-07332RL,C488804,1206,YAGEO,jlcparts SQLite,2026-09-05T12:47:20.400608+00:00
RC1206FR-0733K2L,C137310,1206,YAGEO,jlcparts SQLite,2026-09-05T12:47:20.409608+00:00
RC1206FR-0733KL,C137309,1206,YAGEO,jlcparts SQLite,2026-09-05T12:47:22.299180+00:00
RC1206FR-0733R2L,C274016,1206,YAGEO,jlcparts SQLite,2026-09-05T12:47:20.396608+00:00
RC1206FR-0733RL,C137308,1206,YAGEO,jlcparts SQLite,2026-09-05T12:47:21.996180+00:00
RC1206FR-07348KL,C274090,1206,YAGEO,jlcparts SQLite,2026-09-05T12:47:20.442608+00:00
RC1206FR-07348RL,C488808,1206,YAGEO,jlcparts SQLite,2026-09-05T12:47:20.430608+00:00
RC1206FR-0734K8L,C274050,1206,YAGEO,jlcparts SQLite,2026-09-05T12:47:20.438608+00:00
RC1206FR-0734R8L,C488806,1206,YAGEO,jlcparts SQLite,2026-09-05T12:47:20.426608+00:00
RC1206FR-07360KL,C137304,1206,YAGEO,jlcparts SQLite,2026-09-05T12:47:22.409180+00:00
RC1206FR-07360RL,C163378,1206,YAGEO,jlcparts SQLite,2026-09-05T12:47:22.103180+00:00
RC1206FR-07365KL,C488814,1206,YAGEO,jlcparts SQLite,2026-09-05T12:47:20.472608+00:00
RC1206FR-07365RL,C274073,1206,YAGEO,jlcparts SQLite,2026-09-05T12:47:20.459607+00:00
RC1206FR-0736K5L,C488812,1206,YAGEO,jlcparts SQLite,2026-09-05T12:47:20.467608+00:00
RC1206FR-0736KL,C137303,1206,YAGEO,jlcparts SQLite,2026-09-05T12:47:22.304180+00:00
RC1206FR-0736R5L,C488813,1206,YAGEO,jlcparts SQLite,2026-09-05T12:47:20.455615+00:00
RC1206FR-0736RL,C137302,1206,YAGEO,jlcparts SQLite,2026-09-05T12:47:22.001180+00:00
RC1206FR-07383KL,C488817,1206,YAGEO,jlcparts SQLite,2026-09-05T12:47:20.502609+00:00
RC1206FR-07383RL,C488818,1206,YAGEO,jlcparts SQLite,2026-09-05T12:47:20.489609+00:00
RC1206FR-0738K3L,C137299,1206,YAGEO,jlcparts SQLite,2026-09-05T12:47:20.497608+00:00
RC1206FR-0738R3L,C488816,1206,YAGEO,jlcparts SQLite,2026-09-05T12:47:20.485608+00:00
RC1206FR-07390KL,C137298,1206,YAGEO,jlcparts SQLite,2026-09-05T12:47:22.414180+00:00
RC1206FR-07390RL,C163377,1206,YAGEO,jlcparts SQLite,2026-09-05T12:47:22.107180+00:00
RC1206FR-0739KL,C137296,1206,YAGEO,jlcparts SQLite,2026-09-05T12:47:22.309180+00:00
RC1206FR-0739RL,C137295,1206,YAGEO,jlcparts SQLite,2026-09-05T12:47:22.006180+00:00
RC1206FR-073K16L,C137294,1206,YAGEO,jlcparts SQLite,2026-09-05T12:47:20.375608+00:00
RC1206FR-073K32L,C137293,1206,YAGEO,jlcparts SQLite,2026-09-05T12:47:20.404608+00:00
RC1206FR-073K3L,C137292,1206,YAGEO,jlcparts SQLite,2026-09-05T12:47:22.196181+00:00
RC1206FR-073K48L,C309578,1206,YAGEO,jlcparts SQLite,2026-09-05T12:47:20.434608+00:00
RC1206FR-073K65L,C274037,1206,YAGEO,jlcparts SQLite,2026-09-05T12:47:20.463608+00:00
RC1206FR-073K6L,C137291,1206,YAGEO,jlcparts SQLite,2026-09-05T12:47:22.201180+00:00
RC1206FR-073K83L,C488788,1206,YAGEO,jlcparts SQLite,2026-09-05T12:47:20.493608+00:00
RC1206FR-073K9L,C137289,1206,YAGEO,jlcparts SQLite,2026-09-05T12:47:22.206180+00:00
RC1206FR-073KL,C132648,1206,YAGEO,jlcparts SQLite,2026-09-05T12:47:22.191180+00:00
RC1206FR-073M16L,C488773,1206,YAGEO,jlcparts SQLite,2026-09-05T12:47:20.388608+00:00
RC1206FR-073M32L,C309579,1206,YAGEO,jlcparts SQLite,2026-09-05T12:47:20.417608+00:00
RC1206FR-073M3L,C137288,1206,YAGEO,jlcparts SQLite,2026-09-05T12:47:22.507180+00:00
RC1206FR-073M48L,C488778,1206,YAGEO,jlcparts SQLite,2026-09-05T12:47:20.446608+00:00
RC1206FR-073M65L,C488783,1206,YAGEO,jlcparts SQLite,2026-09-05T12:47:20.476608+00:00
RC1206FR-073M6L,C137286,1206,YAGEO,jlcparts SQLite,2026-09-05T12:47:22.512187+00:00
RC1206FR-073M83L,C488789,1206,YAGEO,jlcparts SQLite,2026-09-05T12:47:20.506608+00:00
RC1206FR-073M9L,C488792,1206,YAGEO,jlcparts SQLite,2026-09-05T12:47:22.517187+00:00
RC1206FR-073ML,C488822,1206,YAGEO,jlcparts SQLite,2026-09-05T12:47:22.502181+00:00
RC1206FR-073R16L,C488774,1206,YAGEO,jlcparts SQLite,2026-09-05T12:47:20.363608+00:00
RC1206FR-073R32L,C137284,1206,YAGEO,jlcparts SQLite,2026-09-05T12:47:20.392608+00:00
RC1206FR-073R3L,C137283,1206,YAGEO,jlcparts SQLite,2026-09-05T12:47:21.895181+00:00
RC1206FR-073R48L,C470028,1206,YAGEO,jlcparts SQLite,2026-09-05T12:47:20.421608+00:00
RC1206FR-073R65L,C488784,1206,YAGEO,jlcparts SQLite,2026-09-05T12:47:20.451608+00:00
RC1206FR-073R6L,C163376,1206,YAGEO,jlcparts SQLite,2026-09-05T12:47:21.900180+00:00
RC1206FR-073R83L,C488790,1206,YAGEO,jlcparts SQLite,2026-09-05T12:47:20.481608+00:00
RC1206FR-073R9L,C137280,1206,YAGEO,jlcparts SQLite,2026-09-05T12:47:21.904180+00:00
RC1206FR-073RL,C137279,1206,YAGEO,jlcparts SQLite,2026-09-05T12:47:21.890181+00:00
RC1206FR-07402KL,C77784,1206,YAGEO,jlcparts SQLite,2026-09-05T12:47:20.525608+00:00
RC1206FR-07402RL,C274025,1206,YAGEO,jlcparts SQLite,2026-09-05T12:47:20.516608+00:00
RC1206FR-0740K2L,C137278,1206,YAGEO,jlcparts SQLite,2026-09-05T12:47:20.521608+00:00
RC1206FR-0740R2L,C274040,1206,YAGEO,jlcparts SQLite,2026-09-05T12:47:20.512608+00:00
RC1206FR-07422KL,C488849,1206,YAGEO,jlcparts SQLite,2026-09-05T12:47:20.552608+00:00
RC1206FR-07422RL,C137276,1206,YAGEO,jlcparts SQLite,2026-09-05T12:47:20.540608+00:00
RC1206FR-0742K2L,C488848,1206,YAGEO,jlcparts SQLite,2026-09-05T12:47:20.548608+00:00
RC1206FR-0742R2L,C274057,1206,YAGEO,jlcparts SQLite,2026-09-05T12:47:20.535608+00:00
RC1206FR-07430KL,C488851,1206,YAGEO,jlcparts SQLite,2026-09-05T12:47:22.420180+00:00
RC1206FR-07430RL,C163375,1206,YAGEO,jlcparts SQLite,2026-09-05T12:47:22.112187+00:00
RC1206FR-0743KL,C163374,1206,YAGEO,jlcparts SQLite,2026-09-05T12:47:22.313180+00:00
RC1206FR-0743RL,C185263,1206,YAGEO,jlcparts SQLite,2026-09-05T12:47:22.011180+00:00
RC1206FR-07442KL,C488856,1206,YAGEO,jlcparts SQLite,2026-09-05T12:47:20.582608+00:00
RC1206FR-07442RL,C354256,1206,YAGEO,jlcparts SQLite,2026-09-05T12:47:20.569608+00:00
RC1206FR-0744K2L,C488854,1206,YAGEO,jlcparts SQLite,2026-09-05T12:47:20.578614+00:00
RC1206FR-0744R2L,C488855,1206,YAGEO,jlcparts SQLite,2026-09-05T12:47:20.565609+00:00
RC1206FR-07464KL,C488858,1206,YAGEO,jlcparts SQLite,2026-09-05T12:47:20.613608+00:00
RC1206FR-07464RL,C488859,1206,YAGEO,jlcparts SQLite,2026-09-05T12:47:20.600608+00:00
RC1206FR-0746K4L,C274078,1206,YAGEO,jlcparts SQLite,2026-09-05T12:47:20.608608+00:00
RC1206FR-0746R4L,C274064,1206,YAGEO,jlcparts SQLite,2026-09-05T12:47:20.596608+00:00
RC1206FR-07470KL,C137273,1206,YAGEO,jlcparts SQLite,2026-09-05T12:47:22.425180+00:00
RC1206FR-07470RL,C114945,1206,YAGEO,jlcparts SQLite,2026-09-05T12:47:22.117190+00:00
RC1206FR-0747KL,C137270,1206,YAGEO,jlcparts SQLite,2026-09-05T12:47:22.318180+00:00
RC1206FR-0747RL,C137268,1206,YAGEO,jlcparts SQLite,2026-09-05T12:47:22.015180+00:00
RC1206FR-07487KL,C488863,1206,YAGEO,jlcparts SQLite,2026-09-05T12:47:20.643608+00:00
RC1206FR-07487RL,C488864,1206,YAGEO,jlcparts SQLite,2026-09-05T12:47:20.630608+00:00
RC1206FR-0748K7L,C488861,1206,YAGEO,jlcparts SQLite,2026-09-05T12:47:20.639608+00:00
RC1206FR-0748R7L,C488862,1206,YAGEO,jlcparts SQLite,2026-09-05T12:47:20.626608+00:00
RC1206FR-074K22L,C488826,1206,YAGEO,jlcparts SQLite,2026-09-05T12:47:20.544608+00:00
RC1206FR-074K3L,C137264,1206,YAGEO,jlcparts SQLite,2026-09-05T12:47:22.211181+00:00
RC1206FR-074K42L,C488832,1206,YAGEO,jlcparts SQLite,2026-09-05T12:47:20.573608+00:00
RC1206FR-074K64L,C488837,1206,YAGEO,jlcparts SQLite,2026-09-05T12:47:20.604610+00:00
RC1206FR-074K7L,C137262,1206,YAGEO,jlcparts SQLite,2026-09-05T12:47:22.216180+00:00
RC1206FR-074K87L,C488842,1206,YAGEO,jlcparts SQLite,2026-09-05T12:47:20.635608+00:00
RC1206FR-074M22L,C488827,1206,YAGEO,jlcparts SQLite,2026-09-05T12:47:20.557608+00:00
RC1206FR-074M3L,C246050,1206,YAGEO,jlcparts SQLite,2026-09-05T12:47:22.522180+00:00
RC1206FR-074M42L,C488833,1206,YAGEO,jlcparts SQLite,2026-09-05T12:47:20.587608+00:00
RC1206FR-074M64L,C488838,1206,YAGEO,jlcparts SQLite,2026-09-05T12:47:20.617607+00:00
RC1206FR-074M7L,C137260,1206,YAGEO,jlcparts SQLite,2026-09-05T12:47:22.527180+00:00
RC1206FR-074M87L,C488843,1206,YAGEO,jlcparts SQLite,2026-09-05T12:47:20.647608+00:00
RC1206FR-074R22L,C488828,1206,YAGEO,jlcparts SQLite,2026-09-05T12:47:20.531610+00:00
RC1206FR-074R3L,C163373,1206,YAGEO,jlcparts SQLite,2026-09-05T12:47:21.909180+00:00
RC1206FR-074R42L,C488834,1206,YAGEO,jlcparts SQLite,2026-09-05T12:47:20.561607+00:00
RC1206FR-074R64L,C488839,1206,YAGEO,jlcparts SQLite,2026-09-05T12:47:20.591608+00:00
RC1206FR-074R7L,C137258,1206,YAGEO,jlcparts SQLite,2026-09-05T12:47:21.914180+00:00
RC1206FR-074R87L,C488844,1206,YAGEO,jlcparts SQLite,2026-09-05T12:47:20.621608+00:00
RC1206FR-07510KL,C137257,1206,YAGEO,jlcparts SQLite,2026-09-05T12:47:22.430180+00:00
RC1206FR-07510RL,C114946,1206,YAGEO,jlcparts SQLite,2026-09-05T12:47:22.122188+00:00
RC1206FR-07511KL,C488887,1206,YAGEO,jlcparts SQLite,2026-09-05T12:47:20.673608+00:00
RC1206FR-07511RL,C274036,1206,YAGEO,jlcparts SQLite,2026-09-05T12:47:20.660608+00:00
RC1206FR-0751K1L,C488886,1206,YAGEO,jlcparts SQLite,2026-09-05T12:47:20.669608+00:00
RC1206FR-0751KL,C114947,1206,YAGEO,jlcparts SQLite,2026-09-05T12:47:22.323180+00:00
RC1206FR-0751R1L,C274079,1206,YAGEO,jlcparts SQLite,2026-09-05T12:47:20.656608+00:00
RC1206FR-0751RL,C137256,1206,YAGEO,jlcparts SQLite,2026-09-05T12:47:22.020181+00:00
RC1206FR-07536KL,C488894,1206,YAGEO,jlcparts SQLite,2026-09-05T12:47:20.703608+00:00
RC1206FR-07536RL,C488895,1206,YAGEO,jlcparts SQLite,2026-09-05T12:47:20.691608+00:00
RC1206FR-0753K6L,C488892,1206,YAGEO,jlcparts SQLite,2026-09-05T12:47:20.699608+00:00
RC1206FR-0753R6L,C488893,1206,YAGEO,jlcparts SQLite,2026-09-05T12:47:20.687608+00:00
RC1206FR-07560KL,C137254,1206,YAGEO,jlcparts SQLite,2026-09-05T12:47:22.435183+00:00
RC1206FR-07560RL,C185262,1206,YAGEO,jlcparts SQLite,2026-09-05T12:47:22.127180+00:00
RC1206FR-07562KL,C488900,1206,YAGEO,jlcparts SQLite,2026-09-05T12:47:20.734608+00:00
RC1206FR-07562RL,C137253,1206,YAGEO,jlcparts SQLite,2026-09-05T12:47:20.722608+00:00
RC1206FR-0756K2L,C137252,1206,YAGEO,jlcparts SQLite,2026-09-05T12:47:20.730608+00:00
RC1206FR-0756KL,C137251,1206,YAGEO,jlcparts SQLite,2026-09-05T12:47:22.328180+00:00
RC1206FR-0756R2L,C274096,1206,YAGEO,jlcparts SQLite,2026-09-05T12:47:20.717608+00:00
RC1206FR-0756RL,C246051,1206,YAGEO,jlcparts SQLite,2026-09-05T12:47:22.025180+00:00
RC1206FR-07590KL,C488906,1206,YAGEO,jlcparts SQLite,2026-09-05T12:47:20.766608+00:00
RC1206FR-07590RL,C137250,1206,YAGEO,jlcparts SQLite,2026-09-05T12:47:20.752608+00:00
RC1206FR-0759KL,C274097,1206,YAGEO,jlcparts SQLite,2026-09-05T12:47:20.761607+00:00
RC1206FR-0759RL,C488907,1206,YAGEO,jlcparts SQLite,2026-09-05T12:47:20.747608+00:00
RC1206FR-075K11L,C137249,1206,YAGEO,jlcparts SQLite,2026-09-05T12:47:20.665608+00:00
RC1206FR-075K1L,C163372,1206,YAGEO,jlcparts SQLite,2026-09-05T12:47:22.221180+00:00
RC1206FR-075K36L,C488871,1206,YAGEO,jlcparts SQLite,2026-09-05T12:47:20.695608+00:00
RC1206FR-075K62L,C488877,1206,YAGEO,jlcparts SQLite,2026-09-05T12:47:20.726608+00:00
RC1206FR-075K6L,C137248,1206,YAGEO,jlcparts SQLite,2026-09-05T12:47:22.225180+00:00
RC1206FR-075K9L,C488883,1206,YAGEO,jlcparts SQLite,2026-09-05T12:47:20.757608+00:00
RC1206FR-075M11L,C488866,1206,YAGEO,jlcparts SQLite,2026-09-05T12:47:20.678607+00:00
RC1206FR-075M1L,C163371,1206,YAGEO,jlcparts SQLite,2026-09-05T12:47:22.531187+00:00
RC1206FR-075M36L,C488872,1206,YAGEO,jlcparts SQLite,2026-09-05T12:47:20.708608+00:00
RC1206FR-075M62L,C488878,1206,YAGEO,jlcparts SQLite,2026-09-05T12:47:20.739609+00:00
RC1206FR-075M6L,C246052,1206,YAGEO,jlcparts SQLite,2026-09-05T12:47:22.536188+00:00
RC1206FR-075M9L,C488884,1206,YAGEO,jlcparts SQLite,2026-09-05T12:47:20.772608+00:00
RC1206FR-075R11L,C488867,1206,YAGEO,jlcparts SQLite,2026-09-05T12:47:20.652609+00:00
RC1206FR-075R1L,C137247,1206,YAGEO,jlcparts SQLite,2026-09-05T12:47:21.919180+00:00
RC1206FR-075R36L,C488873,1206,YAGEO,jlcparts SQLite,2026-09-05T12:47:20.682608+00:00
RC1206FR-075R62L,C488879,1206,YAGEO,jlcparts SQLite,2026-09-05T12:47:20.713609+00:00
RC1206FR-075R6L,C137246,1206,YAGEO,jlcparts SQLite,2026-09-05T12:47:21.924180+00:00
RC1206FR-075R9L,C488885,1206,YAGEO,jlcparts SQLite,2026-09-05T12:47:20.743608+00:00
RC1206FR-07619KL,C488928,1206,YAGEO,jlcparts SQLite,2026-09-05T12:47:20.798608+00:00
RC1206FR-07619RL,C488929,1206,YAGEO,jlcparts SQLite,2026-09-05T12:47:20.785608+00:00
RC1206FR-0761K9L,C137245,1206,YAGEO,jlcparts SQLite,2026-09-05T12:47:20.794608+00:00
RC1206FR-0761R9L,C488927,1206,YAGEO,jlcparts SQLite,2026-09-05T12:47:20.781608+00:00
RC1206FR-07620KL,C185261,1206,YAGEO,jlcparts SQLite,2026-09-05T12:47:22.441181+00:00
RC1206FR-07620RL,C185260,1206,YAGEO,jlcparts SQLite,2026-09-05T12:47:22.132181+00:00
RC1206FR-0762KL,C137244,1206,YAGEO,jlcparts SQLite,2026-09-05T12:47:22.333179+00:00
RC1206FR-0762RL,C137243,1206,YAGEO,jlcparts SQLite,2026-09-05T12:47:22.030180+00:00
RC1206FR-07649KL,C488934,1206,YAGEO,jlcparts SQLite,2026-09-05T12:47:20.828608+00:00
RC1206FR-07649RL,C137242,1206,YAGEO,jlcparts SQLite,2026-09-05T12:47:20.815608+00:00
RC1206FR-0764K9L,C274045,1206,YAGEO,jlcparts SQLite,2026-09-05T12:47:20.823607+00:00
RC1206FR-0764R9L,C22183,1206,YAGEO,jlcparts SQLite,2026-09-05T12:47:20.811608+00:00
RC1206FR-07680KL,C137241,1206,YAGEO,jlcparts SQLite,2026-09-05T12:47:22.446180+00:00
RC1206FR-07680RL,C137240,1206,YAGEO,jlcparts SQLite,2026-09-05T12:47:22.136180+00:00
RC1206FR-07681KL,C274080,1206,YAGEO,jlcparts SQLite,2026-09-05T12:47:20.861180+00:00
RC1206FR-07681RL,C488940,1206,YAGEO,jlcparts SQLite,2026-09-05T12:47:20.847181+00:00
RC1206FR-0768K1L,C488938,1206,YAGEO,jlcparts SQLite,2026-09-05T12:47:20.856180+00:00
RC1206FR-0768KL,C137239,1206,YAGEO,jlcparts SQLite,2026-09-05T12:47:22.338181+00:00
RC1206FR-0768R1L,C488939,1206,YAGEO,jlcparts SQLite,2026-09-05T12:47:20.842180+00:00
RC1206FR-0768RL,C137238,1206,YAGEO,jlcparts SQLite,2026-09-05T12:47:22.035179+00:00
RC1206FR-076K19L,C488911,1206,YAGEO,jlcparts SQLite,2026-09-05T12:47:20.789608+00:00
RC1206FR-076K2L,C137237,1206,YAGEO,jlcparts SQLite,2026-09-05T12:47:22.230180+00:00
RC1206FR-076K49L,C488918,1206,YAGEO,jlcparts SQLite,2026-09-05T12:47:20.819608+00:00
RC1206FR-076K81L,C274019,1206,YAGEO,jlcparts SQLite,2026-09-05T12:47:20.851181+00:00
RC1206FR-076K8L,C246053,1206,YAGEO,jlcparts SQLite,2026-09-05T12:47:22.235181+00:00
RC1206FR-076M19L,C488912,1206,YAGEO,jlcparts SQLite,2026-09-05T12:47:20.802608+00:00
RC1206FR-076M2L,C246054,1206,YAGEO,jlcparts SQLite,2026-09-05T12:47:22.541187+00:00
RC1206FR-076M49L,C137236,1206,YAGEO,jlcparts SQLite,2026-09-05T12:47:20.833622+00:00
RC1206FR-076M81L,C488922,1206,YAGEO,jlcparts SQLite,2026-09-05T12:47:20.865180+00:00
RC1206FR-076M8L,C246055,1206,YAGEO,jlcparts SQLite,2026-09-05T12:47:22.546180+00:00
RC1206FR-076R19L,C488913,1206,YAGEO,jlcparts SQLite,2026-09-05T12:47:20.776608+00:00
RC1206FR-076R2L,C163370,1206,YAGEO,jlcparts SQLite,2026-09-05T12:47:21.928180+00:00
RC1206FR-076R49L,C488919,1206,YAGEO,jlcparts SQLite,2026-09-05T12:47:20.806609+00:00
RC1206FR-076R81L,C488923,1206,YAGEO,jlcparts SQLite,2026-09-05T12:47:20.837669+00:00
RC1206FR-076R8L,C163369,1206,YAGEO,jlcparts SQLite,2026-09-05T12:47:21.933180+00:00
RC1206FR-07715KL,C274021,1206,YAGEO,jlcparts SQLite,2026-09-05T12:47:20.893180+00:00
RC1206FR-07715RL,C488957,1206,YAGEO,jlcparts SQLite,2026-09-05T12:47:20.879180+00:00
RC1206FR-0771K5L,C488956,1206,YAGEO,jlcparts SQLite,2026-09-05T12:47:20.888180+00:00
RC1206FR-0771R5L,C274049,1206,YAGEO,jlcparts SQLite,2026-09-05T12:47:20.874180+00:00
RC1206FR-07750KL,C137235,1206,YAGEO,jlcparts SQLite,2026-09-05T12:47:20.924180+00:00
RC1206FR-07750RL,C185259,1206,YAGEO,jlcparts SQLite,2026-09-05T12:47:20.911180+00:00
RC1206FR-0775KL,C137234,1206,YAGEO,jlcparts SQLite,2026-09-05T12:47:20.920183+00:00
RC1206FR-0775RL,C137233,1206,YAGEO,jlcparts SQLite,2026-09-05T12:47:20.906180+00:00
RC1206FR-07787KL,C488967,1206,YAGEO,jlcparts SQLite,2026-09-05T12:47:20.957181+00:00
RC1206FR-07787RL,C274065,1206,YAGEO,jlcparts SQLite,2026-09-05T12:47:20.943180+00:00
RC1206FR-0778K7L,C274081,1206,YAGEO,jlcparts SQLite,2026-09-05T12:47:20.952181+00:00
RC1206FR-0778R7L,C326924,1206,YAGEO,jlcparts SQLite,2026-09-05T12:47:20.939180+00:00
RC1206FR-077K15L,C274052,1206,YAGEO,jlcparts SQLite,2026-09-05T12:47:20.883180+00:00
RC1206FR-077K5L,C137232,1206,YAGEO,jlcparts SQLite,2026-09-05T12:47:20.915181+00:00
RC1206FR-077K87L,C488953,1206,YAGEO,jlcparts SQLite,2026-09-05T12:47:20.948180+00:00
RC1206FR-077M15L,C488944,1206,YAGEO,jlcparts SQLite,2026-09-05T12:47:20.897180+00:00
RC1206FR-077M5L,C246056,1206,YAGEO,jlcparts SQLite,2026-09-05T12:47:20.929180+00:00
RC1206FR-077M87L,C488954,1206,YAGEO,jlcparts SQLite,2026-09-05T12:47:20.962180+00:00
RC1206FR-077R15L,C488945,1206,YAGEO,jlcparts SQLite,2026-09-05T12:47:20.869180+00:00
RC1206FR-077R5L,C488949,1206,YAGEO,jlcparts SQLite,2026-09-05T12:47:20.902181+00:00
RC1206FR-077R87L,C488955,1206,YAGEO,jlcparts SQLite,2026-09-05T12:47:20.934181+00:00
RC1206FR-07820KL,C246057,1206,YAGEO,jlcparts SQLite,2026-09-05T12:47:22.451180+00:00
RC1206FR-07820RL,C137231,1206,YAGEO,jlcparts SQLite,2026-09-05T12:47:22.141180+00:00
RC1206FR-07825KL,C488987,1206,YAGEO,jlcparts SQLite,2026-09-05T12:47:20.989195+00:00
RC1206FR-07825RL,C137230,1206,YAGEO,jlcparts SQLite,2026-09-05T12:47:20.976189+00:00
RC1206FR-0782K5L,C488985,1206,YAGEO,jlcparts SQLite,2026-09-05T12:47:20.984180+00:00
RC1206FR-0782KL,C137229,1206,YAGEO,jlcparts SQLite,2026-09-05T12:47:22.343186+00:00
RC1206FR-0782R5L,C488986,1206,YAGEO,jlcparts SQLite,2026-09-05T12:47:20.971180+00:00
RC1206FR-0782RL,C488989,1206,YAGEO,jlcparts SQLite,2026-09-05T12:47:22.040180+00:00
RC1206FR-07866KL,C488994,1206,YAGEO,jlcparts SQLite,2026-09-05T12:47:21.019180+00:00
RC1206FR-07866RL,C274042,1206,YAGEO,jlcparts SQLite,2026-09-05T12:47:21.006180+00:00
RC1206FR-0786K6L,C488992,1206,YAGEO,jlcparts SQLite,2026-09-05T12:47:21.015180+00:00
RC1206FR-0786R6L,C488993,1206,YAGEO,jlcparts SQLite,2026-09-05T12:47:21.002180+00:00
RC1206FR-078K25L,C274066,1206,YAGEO,jlcparts SQLite,2026-09-05T12:47:20.980180+00:00
RC1206FR-078K2L,C137226,1206,YAGEO,jlcparts SQLite,2026-09-05T12:47:22.240180+00:00
RC1206FR-078K66L,C488976,1206,YAGEO,jlcparts SQLite,2026-09-05T12:47:21.011180+00:00
RC1206FR-078M25L,C488970,1206,YAGEO,jlcparts SQLite,2026-09-05T12:47:20.993180+00:00
RC1206FR-078M2L,C488972,1206,YAGEO,jlcparts SQLite,2026-09-05T12:47:22.551180+00:00
RC1206FR-078M66L,C488977,1206,YAGEO,jlcparts SQLite,2026-09-05T12:47:21.024180+00:00
RC1206FR-078R25L,C488971,1206,YAGEO,jlcparts SQLite,2026-09-05T12:47:20.966182+00:00
RC1206FR-078R2L,C488973,1206,YAGEO,jlcparts SQLite,2026-09-05T12:47:21.938179+00:00
RC1206FR-078R66L,C488978,1206,YAGEO,jlcparts SQLite,2026-09-05T12:47:20.997180+00:00
RC1206FR-07909KL,C489013,1206,YAGEO,jlcparts SQLite,2026-09-05T12:47:21.044180+00:00
RC1206FR-07909RL,C489014,1206,YAGEO,jlcparts SQLite,2026-09-05T12:47:21.034187+00:00
RC1206FR-0790K9L,C137225,1206,YAGEO,jlcparts SQLite,2026-09-05T12:47:21.040180+00:00
RC1206FR-0790R9L,C489012,1206,YAGEO,jlcparts SQLite,2026-09-05T12:47:21.030180+00:00
RC1206FR-07910KL,C246058,1206,YAGEO,jlcparts SQLite,2026-09-05T12:47:22.456180+00:00
RC1206FR-07910RL,C137224,1206,YAGEO,jlcparts SQLite,2026-09-05T12:47:22.146180+00:00
RC1206FR-0791KL,C246059,1206,YAGEO,jlcparts SQLite,2026-09-05T12:47:22.348180+00:00
RC1206FR-0791RL,C137223,1206,YAGEO,jlcparts SQLite,2026-09-05T12:47:22.044180+00:00
RC1206FR-07953KL,C489020,1206,YAGEO,jlcparts SQLite,2026-09-05T12:47:21.072179+00:00
RC1206FR-07953RL,C137222,1206,YAGEO,jlcparts SQLite,2026-09-05T12:47:21.059180+00:00
RC1206FR-0795K3L,C274048,1206,YAGEO,jlcparts SQLite,2026-09-05T12:47:21.067180+00:00
RC1206FR-0795R3L,C489019,1206,YAGEO,jlcparts SQLite,2026-09-05T12:47:21.054180+00:00
RC1206FR-079K1L,C163368,1206,YAGEO,jlcparts SQLite,2026-09-05T12:47:22.245188+00:00
RC1206FR-079K53L,C489006,1206,YAGEO,jlcparts SQLite,2026-09-05T12:47:21.063180+00:00
RC1206FR-079M1L,C137220,1206,YAGEO,jlcparts SQLite,2026-09-05T12:47:22.556180+00:00
RC1206FR-079M53L,C489007,1206,YAGEO,jlcparts SQLite,2026-09-05T12:47:21.076180+00:00
RC1206FR-079R1L,C489002,1206,YAGEO,jlcparts SQLite,2026-09-05T12:47:21.943187+00:00
RC1206FR-079R53L,C489008,1206,YAGEO,jlcparts SQLite,2026-09-05T12:47:21.050180+00:00
